event_year,event_season,respiratory_category,percent
2015,2015-2016,Broad Acute Respiratory,3.94
2015,2015-2016,COVID-19,0.00
2015,2015-2016,Influenza,0.04
2015,2015-2016,RSV,0.01
2015,2015-2016,ILI,1.83
2015,2015-2016,Broad Acute Respiratory,4.53
2015,2015-2016,COVID-19,0.00
2015,2015-2016,Influenza,0.05
2015,2015-2016,RSV,0.00
2015,2015-2016,ILI,2.02
2015,2015-2016,Broad Acute Respiratory,5.18
2015,2015-2016,COVID-19,0.00
2015,2015-2016,Influenza,0.03
2015,2015-2016,RSV,0.01
2015,2015-2016,ILI,1.94
2015,2015-2016,Broad Acute Respiratory,5.87
2015,2015-2016,COVID-19,0.00
2015,2015-2016,Influenza,0.09
2015,2015-2016,RSV,0.01
2015,2015-2016,ILI,1.57
2015,2015-2016,Broad Acute Respiratory,5.94
2015,2015-2016,COVID-19,0.00
2015,2015-2016,Influenza,0.06
2015,2015-2016,RSV,0.00
2015,2015-2016,ILI,1.65
2015,2015-2016,Broad Acute Respiratory,6.24
2015,2015-2016,COVID-19,0.00
2015,2015-2016,Influenza,0.05
2015,2015-2016,RSV,0.02
2015,2015-2016,ILI,1.87
2015,2015-2016,Broad Acute Respiratory,6.11
2015,2015-2016,COVID-19,0.00
2015,2015-2016,Influenza,0.10
2015,2015-2016,RSV,0.02
2015,2015-2016,ILI,1.96
2015,2015-2016,Broad Acute Respiratory,6.20
2015,2015-2016,COVID-19,0.00
2015,2015-2016,Influenza,0.06
2015,2015-2016,RSV,0.02
2015,2015-2016,ILI,1.77
2015,2015-2016,Broad Acute Respiratory,5.77
2015,2015-2016,COVID-19,0.00
2015,2015-2016,Influenza,0.07
2015,2015-2016,RSV,0.04
2015,2015-2016,ILI,2.18
2015,2015-2016,Broad Acute Respiratory,6.03
2015,2015-2016,COVID-19,0.00
2015,2015-2016,Influenza,0.05
2015,2015-2016,RSV,0.06
2015,2015-2016,ILI,2.14
2015,2015-2016,Broad Acute Respiratory,6.21
2015,2015-2016,COVID-19,0.00
2015,2015-2016,Influenza,0.11
2015,2015-2016,RSV,0.08
2015,2015-2016,ILI,2.14
2015,2015-2016,Broad Acute Respiratory,7.41
2015,2015-2016,COVID-19,0.00
2015,2015-2016,Influenza,0.10
2015,2015-2016,RSV,0.16
2015,2015-2016,ILI,2.90
2015,2015-2016,Broad Acute Respiratory,8.24
2015,2015-2016,COVID-19,0.00
2015,2015-2016,Influenza,0.18
2015,2015-2016,RSV,0.20
2015,2015-2016,ILI,2.84
2016,2015-2016,Broad Acute Respiratory,7.44
2016,2015-2016,COVID-19,0.00
2016,2015-2016,Influenza,0.12
2016,2015-2016,RSV,0.13
2016,2015-2016,ILI,2.45
2016,2015-2016,Broad Acute Respiratory,7.14
2016,2015-2016,COVID-19,0.00
2016,2015-2016,Influenza,0.17
2016,2015-2016,RSV,0.12
2016,2015-2016,ILI,2.66
2016,2015-2016,Broad Acute Respiratory,7.29
2016,2015-2016,COVID-19,0.00
2016,2015-2016,Influenza,0.13
2016,2015-2016,RSV,0.08
2016,2015-2016,ILI,2.55
2016,2015-2016,Broad Acute Respiratory,7.59
2016,2015-2016,COVID-19,0.00
2016,2015-2016,Influenza,0.28
2016,2015-2016,RSV,0.13
2016,2015-2016,ILI,2.98
2016,2015-2016,Broad Acute Respiratory,7.68
2016,2015-2016,COVID-19,0.00
2016,2015-2016,Influenza,0.47
2016,2015-2016,RSV,0.15
2016,2015-2016,ILI,2.91
2016,2015-2016,Broad Acute Respiratory,8.84
2016,2015-2016,COVID-19,0.00
2016,2015-2016,Influenza,0.74
2016,2015-2016,RSV,0.14
2016,2015-2016,ILI,3.69
2016,2015-2016,Broad Acute Respiratory,9.59
2016,2015-2016,COVID-19,0.00
2016,2015-2016,Influenza,0.86
2016,2015-2016,RSV,0.15
2016,2015-2016,ILI,4.35
2016,2015-2016,Broad Acute Respiratory,9.15
2016,2015-2016,COVID-19,0.00
2016,2015-2016,Influenza,0.98
2016,2015-2016,RSV,0.12
2016,2015-2016,ILI,4.51
2016,2015-2016,Broad Acute Respiratory,9.10
2016,2015-2016,COVID-19,0.00
2016,2015-2016,Influenza,1.06
2016,2015-2016,RSV,0.11
2016,2015-2016,ILI,4.54
2016,2015-2016,Broad Acute Respiratory,8.67
2016,2015-2016,COVID-19,0.00
2016,2015-2016,Influenza,0.88
2016,2015-2016,RSV,0.09
2016,2015-2016,ILI,4.07
2016,2015-2016,Broad Acute Respiratory,7.41
2016,2015-2016,COVID-19,0.00
2016,2015-2016,Influenza,0.54
2016,2015-2016,RSV,0.06
2016,2015-2016,ILI,3.23
2016,2015-2016,Broad Acute Respiratory,7.11
2016,2015-2016,COVID-19,0.00
2016,2015-2016,Influenza,0.37
2016,2015-2016,RSV,0.08
2016,2015-2016,ILI,2.61
2016,2015-2016,Broad Acute Respiratory,7.16
2016,2015-2016,COVID-19,0.00
2016,2015-2016,Influenza,0.23
2016,2015-2016,RSV,0.03
2016,2015-2016,ILI,2.34
2016,2015-2016,Broad Acute Respiratory,6.23
2016,2015-2016,COVID-19,0.00
2016,2015-2016,Influenza,0.22
2016,2015-2016,RSV,0.02
2016,2015-2016,ILI,2.03
2016,2015-2016,Broad Acute Respiratory,5.99
2016,2015-2016,COVID-19,0.00
2016,2015-2016,Influenza,0.13
2016,2015-2016,RSV,0.03
2016,2015-2016,ILI,2.02
2016,2015-2016,Broad Acute Respiratory,5.74
2016,2015-2016,COVID-19,0.00
2016,2015-2016,Influenza,0.14
2016,2015-2016,RSV,0.02
2016,2015-2016,ILI,1.82
2016,2015-2016,Broad Acute Respiratory,5.22
2016,2015-2016,COVID-19,0.00
2016,2015-2016,Influenza,0.08
2016,2015-2016,RSV,0.01
2016,2015-2016,ILI,1.34
2016,2015-2016,Broad Acute Respiratory,4.91
2016,2015-2016,COVID-19,0.00
2016,2015-2016,Influenza,0.03
2016,2015-2016,RSV,0.00
2016,2015-2016,ILI,1.18
2016,2015-2016,Broad Acute Respiratory,5.03
2016,2015-2016,COVID-19,0.00
2016,2015-2016,Influenza,0.04
2016,2015-2016,RSV,0.00
2016,2015-2016,ILI,1.22
2016,2015-2016,Broad Acute Respiratory,5.54
2016,2015-2016,COVID-19,0.00
2016,2015-2016,Influenza,0.05
2016,2015-2016,RSV,0.00
2016,2015-2016,ILI,1.20
2016,2015-2016,Broad Acute Respiratory,5.58
2016,2015-2016,COVID-19,0.00
2016,2015-2016,Influenza,0.05
2016,2015-2016,RSV,0.00
2016,2015-2016,ILI,1.22
2016,2015-2016,Broad Acute Respiratory,5.29
2016,2015-2016,COVID-19,0.00
2016,2015-2016,Influenza,0.03
2016,2015-2016,RSV,0.00
2016,2015-2016,ILI,1.13
2016,2015-2016,Broad Acute Respiratory,5.17
2016,2015-2016,COVID-19,0.00
2016,2015-2016,Influenza,0.03
2016,2015-2016,RSV,0.00
2016,2015-2016,ILI,1.07
2016,2015-2016,Broad Acute Respiratory,4.86
2016,2015-2016,COVID-19,0.00
2016,2015-2016,Influenza,0.01
2016,2015-2016,RSV,0.00
2016,2015-2016,ILI,1.23
2016,2015-2016,Broad Acute Respiratory,5.06
2016,2015-2016,COVID-19,0.00
2016,2015-2016,Influenza,0.02
2016,2015-2016,RSV,0.00
2016,2015-2016,ILI,1.08
2016,2015-2016,Broad Acute Respiratory,4.99
2016,2015-2016,COVID-19,0.00
2016,2015-2016,Influenza,0.03
2016,2015-2016,RSV,0.00
2016,2015-2016,ILI,0.95
2016,2015-2016,Broad Acute Respiratory,4.58
2016,2015-2016,COVID-19,0.00
2016,2015-2016,Influenza,0.01
2016,2015-2016,RSV,0.00
2016,2015-2016,ILI,1.03
2016,2015-2016,Broad Acute Respiratory,4.47
2016,2015-2016,COVID-19,0.00
2016,2015-2016,Influenza,0.01
2016,2015-2016,RSV,0.00
2016,2015-2016,ILI,0.99
2016,2015-2016,Broad Acute Respiratory,4.26
2016,2015-2016,COVID-19,0.00
2016,2015-2016,Influenza,0.00
2016,2015-2016,RSV,0.00
2016,2015-2016,ILI,0.90
2016,2015-2016,Broad Acute Respiratory,4.18
2016,2015-2016,COVID-19,0.00
2016,2015-2016,Influenza,0.00
2016,2015-2016,RSV,0.00
2016,2015-2016,ILI,0.80
2016,2015-2016,Broad Acute Respiratory,4.28
2016,2015-2016,COVID-19,0.00
2016,2015-2016,Influenza,0.00
2016,2015-2016,RSV,0.00
2016,2015-2016,ILI,0.73
2016,2015-2016,Broad Acute Respiratory,4.56
2016,2015-2016,COVID-19,0.00
2016,2015-2016,Influenza,0.02
2016,2015-2016,RSV,0.00
2016,2015-2016,ILI,0.87
2016,2015-2016,Broad Acute Respiratory,4.75
2016,2015-2016,COVID-19,0.00
2016,2015-2016,Influenza,0.01
2016,2015-2016,RSV,0.00
2016,2015-2016,ILI,0.89
2016,2015-2016,Broad Acute Respiratory,4.90
2016,2015-2016,COVID-19,0.00
2016,2015-2016,Influenza,0.01
2016,2015-2016,RSV,0.00
2016,2015-2016,ILI,0.83
2016,2015-2016,Broad Acute Respiratory,5.13
2016,2015-2016,COVID-19,0.00
2016,2015-2016,Influenza,0.02
2016,2015-2016,RSV,0.00
2016,2015-2016,ILI,0.77
2016,2015-2016,Broad Acute Respiratory,5.55
2016,2015-2016,COVID-19,0.00
2016,2015-2016,Influenza,0.03
2016,2015-2016,RSV,0.00
2016,2015-2016,ILI,0.90
2016,2015-2016,Broad Acute Respiratory,7.47
2016,2015-2016,COVID-19,0.00
2016,2015-2016,Influenza,0.05
2016,2015-2016,RSV,0.00
2016,2015-2016,ILI,1.30
2016,2015-2016,Broad Acute Respiratory,7.76
2016,2015-2016,COVID-19,0.00
2016,2015-2016,Influenza,0.02
2016,2015-2016,RSV,0.00
2016,2015-2016,ILI,1.60
2016,2015-2016,Broad Acute Respiratory,7.94
2016,2015-2016,COVID-19,0.00
2016,2015-2016,Influenza,0.06
2016,2015-2016,RSV,0.00
2016,2015-2016,ILI,1.51
2016,2016-2017,Broad Acute Respiratory,7.34
2016,2016-2017,COVID-19,0.00
2016,2016-2017,Influenza,0.05
2016,2016-2017,RSV,0.01
2016,2016-2017,ILI,1.38
2016,2016-2017,Broad Acute Respiratory,7.98
2016,2016-2017,COVID-19,0.00
2016,2016-2017,Influenza,0.09
2016,2016-2017,RSV,0.01
2016,2016-2017,ILI,1.61
2016,2016-2017,Broad Acute Respiratory,8.13
2016,2016-2017,COVID-19,0.00
2016,2016-2017,Influenza,0.09
2016,2016-2017,RSV,0.00
2016,2016-2017,ILI,1.51
2016,2016-2017,Broad Acute Respiratory,8.83
2016,2016-2017,COVID-19,0.00
2016,2016-2017,Influenza,0.08
2016,2016-2017,RSV,0.02
2016,2016-2017,ILI,1.75
2016,2016-2017,Broad Acute Respiratory,8.60
2016,2016-2017,COVID-19,0.00
2016,2016-2017,Influenza,0.07
2016,2016-2017,RSV,0.02
2016,2016-2017,ILI,1.79
2016,2016-2017,Broad Acute Respiratory,9.42
2016,2016-2017,COVID-19,0.00
2016,2016-2017,Influenza,0.10
2016,2016-2017,RSV,0.02
2016,2016-2017,ILI,1.66
2016,2016-2017,Broad Acute Respiratory,9.54
2016,2016-2017,COVID-19,0.00
2016,2016-2017,Influenza,0.07
2016,2016-2017,RSV,0.04
2016,2016-2017,ILI,1.91
2016,2016-2017,Broad Acute Respiratory,10.43
2016,2016-2017,COVID-19,0.00
2016,2016-2017,Influenza,0.07
2016,2016-2017,RSV,0.06
2016,2016-2017,ILI,1.98
2016,2016-2017,Broad Acute Respiratory,9.87
2016,2016-2017,COVID-19,0.00
2016,2016-2017,Influenza,0.11
2016,2016-2017,RSV,0.04
2016,2016-2017,ILI,1.89
2016,2016-2017,Broad Acute Respiratory,9.89
2016,2016-2017,COVID-19,0.00
2016,2016-2017,Influenza,0.12
2016,2016-2017,RSV,0.09
2016,2016-2017,ILI,1.98
2016,2016-2017,Broad Acute Respiratory,10.35
2016,2016-2017,COVID-19,0.00
2016,2016-2017,Influenza,0.13
2016,2016-2017,RSV,0.08
2016,2016-2017,ILI,2.32
2016,2016-2017,Broad Acute Respiratory,10.20
2016,2016-2017,COVID-19,0.00
2016,2016-2017,Influenza,0.15
2016,2016-2017,RSV,0.12
2016,2016-2017,ILI,2.38
2016,2016-2017,Broad Acute Respiratory,11.96
2016,2016-2017,COVID-19,0.00
2016,2016-2017,Influenza,0.34
2016,2016-2017,RSV,0.20
2016,2016-2017,ILI,2.85
2017,2016-2017,Broad Acute Respiratory,11.99
2017,2016-2017,COVID-19,0.00
2017,2016-2017,Influenza,0.38
2017,2016-2017,RSV,0.27
2017,2016-2017,ILI,2.90
2017,2016-2017,Broad Acute Respiratory,10.62
2017,2016-2017,COVID-19,0.00
2017,2016-2017,Influenza,0.43
2017,2016-2017,RSV,0.13
2017,2016-2017,ILI,2.48
2017,2016-2017,Broad Acute Respiratory,10.69
2017,2016-2017,COVID-19,0.00
2017,2016-2017,Influenza,0.56
2017,2016-2017,RSV,0.15
2017,2016-2017,ILI,2.60
2017,2016-2017,Broad Acute Respiratory,11.11
2017,2016-2017,COVID-19,0.00
2017,2016-2017,Influenza,0.69
2017,2016-2017,RSV,0.23
2017,2016-2017,ILI,2.96
2017,2016-2017,Broad Acute Respiratory,11.80
2017,2016-2017,COVID-19,0.00
2017,2016-2017,Influenza,1.00
2017,2016-2017,RSV,0.18
2017,2016-2017,ILI,3.24
2017,2016-2017,Broad Acute Respiratory,13.49
2017,2016-2017,COVID-19,0.00
2017,2016-2017,Influenza,1.44
2017,2016-2017,RSV,0.20
2017,2016-2017,ILI,3.67
2017,2016-2017,Broad Acute Respiratory,13.69
2017,2016-2017,COVID-19,0.00
2017,2016-2017,Influenza,1.82
2017,2016-2017,RSV,0.17
2017,2016-2017,ILI,4.29
2017,2016-2017,Broad Acute Respiratory,13.58
2017,2016-2017,COVID-19,0.00
2017,2016-2017,Influenza,1.97
2017,2016-2017,RSV,0.12
2017,2016-2017,ILI,4.47
2017,2016-2017,Broad Acute Respiratory,12.68
2017,2016-2017,COVID-19,0.00
2017,2016-2017,Influenza,1.50
2017,2016-2017,RSV,0.07
2017,2016-2017,ILI,3.87
2017,2016-2017,Broad Acute Respiratory,12.21
2017,2016-2017,COVID-19,0.00
2017,2016-2017,Influenza,1.34
2017,2016-2017,RSV,0.13
2017,2016-2017,ILI,3.64
2017,2016-2017,Broad Acute Respiratory,12.32
2017,2016-2017,COVID-19,0.00
2017,2016-2017,Influenza,1.38
2017,2016-2017,RSV,0.10
2017,2016-2017,ILI,3.73
2017,2016-2017,Broad Acute Respiratory,12.75
2017,2016-2017,COVID-19,0.00
2017,2016-2017,Influenza,1.14
2017,2016-2017,RSV,0.06
2017,2016-2017,ILI,3.55
2017,2016-2017,Broad Acute Respiratory,11.91
2017,2016-2017,COVID-19,0.00
2017,2016-2017,Influenza,1.11
2017,2016-2017,RSV,0.04
2017,2016-2017,ILI,3.30
2017,2016-2017,Broad Acute Respiratory,11.41
2017,2016-2017,COVID-19,0.00
2017,2016-2017,Influenza,0.83
2017,2016-2017,RSV,0.03
2017,2016-2017,ILI,2.95
2017,2016-2017,Broad Acute Respiratory,10.52
2017,2016-2017,COVID-19,0.00
2017,2016-2017,Influenza,0.61
2017,2016-2017,RSV,0.04
2017,2016-2017,ILI,2.08
2017,2016-2017,Broad Acute Respiratory,8.54
2017,2016-2017,COVID-19,0.00
2017,2016-2017,Influenza,0.31
2017,2016-2017,RSV,0.03
2017,2016-2017,ILI,1.84
2017,2016-2017,Broad Acute Respiratory,8.44
2017,2016-2017,COVID-19,0.00
2017,2016-2017,Influenza,0.14
2017,2016-2017,RSV,0.02
2017,2016-2017,ILI,1.70
2017,2016-2017,Broad Acute Respiratory,8.34
2017,2016-2017,COVID-19,0.00
2017,2016-2017,Influenza,0.09
2017,2016-2017,RSV,0.01
2017,2016-2017,ILI,1.51
2017,2016-2017,Broad Acute Respiratory,8.64
2017,2016-2017,COVID-19,0.00
2017,2016-2017,Influenza,0.11
2017,2016-2017,RSV,0.02
2017,2016-2017,ILI,1.68
2017,2016-2017,Broad Acute Respiratory,8.12
2017,2016-2017,COVID-19,0.00
2017,2016-2017,Influenza,0.04
2017,2016-2017,RSV,0.01
2017,2016-2017,ILI,1.59
2017,2016-2017,Broad Acute Respiratory,7.92
2017,2016-2017,COVID-19,0.00
2017,2016-2017,Influenza,0.05
2017,2016-2017,RSV,0.01
2017,2016-2017,ILI,1.53
2017,2016-2017,Broad Acute Respiratory,7.36
2017,2016-2017,COVID-19,0.00
2017,2016-2017,Influenza,0.06
2017,2016-2017,RSV,0.00
2017,2016-2017,ILI,1.49
2017,2016-2017,Broad Acute Respiratory,6.95
2017,2016-2017,COVID-19,0.00
2017,2016-2017,Influenza,0.04
2017,2016-2017,RSV,0.00
2017,2016-2017,ILI,1.17
2017,2016-2017,Broad Acute Respiratory,6.26
2017,2016-2017,COVID-19,0.00
2017,2016-2017,Influenza,0.02
2017,2016-2017,RSV,0.01
2017,2016-2017,ILI,1.17
2017,2016-2017,Broad Acute Respiratory,6.01
2017,2016-2017,COVID-19,0.00
2017,2016-2017,Influenza,0.01
2017,2016-2017,RSV,0.00
2017,2016-2017,ILI,1.04
2017,2016-2017,Broad Acute Respiratory,5.49
2017,2016-2017,COVID-19,0.00
2017,2016-2017,Influenza,0.03
2017,2016-2017,RSV,0.00
2017,2016-2017,ILI,0.98
2017,2016-2017,Broad Acute Respiratory,4.95
2017,2016-2017,COVID-19,0.00
2017,2016-2017,Influenza,0.02
2017,2016-2017,RSV,0.00
2017,2016-2017,ILI,1.00
2017,2016-2017,Broad Acute Respiratory,4.69
2017,2016-2017,COVID-19,0.00
2017,2016-2017,Influenza,0.02
2017,2016-2017,RSV,0.00
2017,2016-2017,ILI,0.76
2017,2016-2017,Broad Acute Respiratory,4.56
2017,2016-2017,COVID-19,0.00
2017,2016-2017,Influenza,0.01
2017,2016-2017,RSV,0.00
2017,2016-2017,ILI,0.72
2017,2016-2017,Broad Acute Respiratory,4.71
2017,2016-2017,COVID-19,0.00
2017,2016-2017,Influenza,0.02
2017,2016-2017,RSV,0.00
2017,2016-2017,ILI,0.81
2017,2016-2017,Broad Acute Respiratory,5.00
2017,2016-2017,COVID-19,0.00
2017,2016-2017,Influenza,0.02
2017,2016-2017,RSV,0.00
2017,2016-2017,ILI,0.98
2017,2016-2017,Broad Acute Respiratory,4.99
2017,2016-2017,COVID-19,0.00
2017,2016-2017,Influenza,0.01
2017,2016-2017,RSV,0.01
2017,2016-2017,ILI,0.86
2017,2016-2017,Broad Acute Respiratory,5.32
2017,2016-2017,COVID-19,0.00
2017,2016-2017,Influenza,0.01
2017,2016-2017,RSV,0.01
2017,2016-2017,ILI,0.80
2017,2016-2017,Broad Acute Respiratory,5.92
2017,2016-2017,COVID-19,0.00
2017,2016-2017,Influenza,0.02
2017,2016-2017,RSV,0.01
2017,2016-2017,ILI,0.88
2017,2016-2017,Broad Acute Respiratory,6.12
2017,2016-2017,COVID-19,0.00
2017,2016-2017,Influenza,0.03
2017,2016-2017,RSV,0.00
2017,2016-2017,ILI,0.89
2017,2016-2017,Broad Acute Respiratory,7.37
2017,2016-2017,COVID-19,0.00
2017,2016-2017,Influenza,0.04
2017,2016-2017,RSV,0.01
2017,2016-2017,ILI,1.24
2017,2016-2017,Broad Acute Respiratory,8.59
2017,2016-2017,COVID-19,0.00
2017,2016-2017,Influenza,0.02
2017,2016-2017,RSV,0.01
2017,2016-2017,ILI,1.51
2017,2016-2017,Broad Acute Respiratory,8.45
2017,2016-2017,COVID-19,0.00
2017,2016-2017,Influenza,0.05
2017,2016-2017,RSV,0.01
2017,2016-2017,ILI,1.35
2017,2016-2017,Broad Acute Respiratory,8.06
2017,2016-2017,COVID-19,0.00
2017,2016-2017,Influenza,0.05
2017,2016-2017,RSV,0.00
2017,2016-2017,ILI,1.35
2017,2017-2018,Broad Acute Respiratory,7.81
2017,2017-2018,COVID-19,0.00
2017,2017-2018,Influenza,0.07
2017,2017-2018,RSV,0.01
2017,2017-2018,ILI,1.51
2017,2017-2018,Broad Acute Respiratory,8.10
2017,2017-2018,COVID-19,0.00
2017,2017-2018,Influenza,0.06
2017,2017-2018,RSV,0.02
2017,2017-2018,ILI,1.49
2017,2017-2018,Broad Acute Respiratory,8.48
2017,2017-2018,COVID-19,0.00
2017,2017-2018,Influenza,0.08
2017,2017-2018,RSV,0.05
2017,2017-2018,ILI,1.65
2017,2017-2018,Broad Acute Respiratory,9.07
2017,2017-2018,COVID-19,0.00
2017,2017-2018,Influenza,0.08
2017,2017-2018,RSV,0.02
2017,2017-2018,ILI,1.67
2017,2017-2018,Broad Acute Respiratory,9.52
2017,2017-2018,COVID-19,0.00
2017,2017-2018,Influenza,0.08
2017,2017-2018,RSV,0.06
2017,2017-2018,ILI,1.74
2017,2017-2018,Broad Acute Respiratory,10.10
2017,2017-2018,COVID-19,0.00
2017,2017-2018,Influenza,0.08
2017,2017-2018,RSV,0.08
2017,2017-2018,ILI,2.01
2017,2017-2018,Broad Acute Respiratory,10.80
2017,2017-2018,COVID-19,0.00
2017,2017-2018,Influenza,0.13
2017,2017-2018,RSV,0.11
2017,2017-2018,ILI,2.05
2017,2017-2018,Broad Acute Respiratory,11.55
2017,2017-2018,COVID-19,0.00
2017,2017-2018,Influenza,0.14
2017,2017-2018,RSV,0.21
2017,2017-2018,ILI,2.21
2017,2017-2018,Broad Acute Respiratory,11.20
2017,2017-2018,COVID-19,0.00
2017,2017-2018,Influenza,0.28
2017,2017-2018,RSV,0.22
2017,2017-2018,ILI,2.21
2017,2017-2018,Broad Acute Respiratory,11.60
2017,2017-2018,COVID-19,0.00
2017,2017-2018,Influenza,0.38
2017,2017-2018,RSV,0.23
2017,2017-2018,ILI,2.44
2017,2017-2018,Broad Acute Respiratory,13.06
2017,2017-2018,COVID-19,0.00
2017,2017-2018,Influenza,0.92
2017,2017-2018,RSV,0.33
2017,2017-2018,ILI,3.07
2017,2017-2018,Broad Acute Respiratory,15.26
2017,2017-2018,COVID-19,0.00
2017,2017-2018,Influenza,1.77
2017,2017-2018,RSV,0.46
2017,2017-2018,ILI,4.31
2017,2017-2018,Broad Acute Respiratory,20.52
2017,2017-2018,COVID-19,0.00
2017,2017-2018,Influenza,3.87
2017,2017-2018,RSV,0.49
2017,2017-2018,ILI,6.44
2017,2017-2018,Broad Acute Respiratory,19.50
2017,2017-2018,COVID-19,0.00
2017,2017-2018,Influenza,4.05
2017,2017-2018,RSV,0.48
2017,2017-2018,ILI,5.90
2018,2017-2018,Broad Acute Respiratory,18.00
2018,2017-2018,COVID-19,0.00
2018,2017-2018,Influenza,3.94
2018,2017-2018,RSV,0.37
2018,2017-2018,ILI,6.30
2018,2017-2018,Broad Acute Respiratory,18.22
2018,2017-2018,COVID-19,0.00
2018,2017-2018,Influenza,4.18
2018,2017-2018,RSV,0.39
2018,2017-2018,ILI,6.56
2018,2017-2018,Broad Acute Respiratory,18.52
2018,2017-2018,COVID-19,0.00
2018,2017-2018,Influenza,4.66
2018,2017-2018,RSV,0.26
2018,2017-2018,ILI,7.13
2018,2017-2018,Broad Acute Respiratory,20.06
2018,2017-2018,COVID-19,0.00
2018,2017-2018,Influenza,5.45
2018,2017-2018,RSV,0.30
2018,2017-2018,ILI,8.09
2018,2017-2018,Broad Acute Respiratory,18.95
2018,2017-2018,COVID-19,0.00
2018,2017-2018,Influenza,4.41
2018,2017-2018,RSV,0.26
2018,2017-2018,ILI,7.14
2018,2017-2018,Broad Acute Respiratory,15.69
2018,2017-2018,COVID-19,0.00
2018,2017-2018,Influenza,3.22
2018,2017-2018,RSV,0.13
2018,2017-2018,ILI,5.52
2018,2017-2018,Broad Acute Respiratory,13.87
2018,2017-2018,COVID-19,0.00
2018,2017-2018,Influenza,2.25
2018,2017-2018,RSV,0.15
2018,2017-2018,ILI,4.49
2018,2017-2018,Broad Acute Respiratory,13.27
2018,2017-2018,COVID-19,0.00
2018,2017-2018,Influenza,1.64
2018,2017-2018,RSV,0.22
2018,2017-2018,ILI,3.74
2018,2017-2018,Broad Acute Respiratory,12.74
2018,2017-2018,COVID-19,0.00
2018,2017-2018,Influenza,1.32
2018,2017-2018,RSV,0.13
2018,2017-2018,ILI,3.38
2018,2017-2018,Broad Acute Respiratory,12.20
2018,2017-2018,COVID-19,0.00
2018,2017-2018,Influenza,1.12
2018,2017-2018,RSV,0.19
2018,2017-2018,ILI,3.14
2018,2017-2018,Broad Acute Respiratory,12.52
2018,2017-2018,COVID-19,0.00
2018,2017-2018,Influenza,0.99
2018,2017-2018,RSV,0.08
2018,2017-2018,ILI,3.02
2018,2017-2018,Broad Acute Respiratory,11.69
2018,2017-2018,COVID-19,0.00
2018,2017-2018,Influenza,0.99
2018,2017-2018,RSV,0.10
2018,2017-2018,ILI,2.82
2018,2017-2018,Broad Acute Respiratory,11.49
2018,2017-2018,COVID-19,0.00
2018,2017-2018,Influenza,0.62
2018,2017-2018,RSV,0.09
2018,2017-2018,ILI,2.69
2018,2017-2018,Broad Acute Respiratory,10.33
2018,2017-2018,COVID-19,0.00
2018,2017-2018,Influenza,0.56
2018,2017-2018,RSV,0.08
2018,2017-2018,ILI,2.15
2018,2017-2018,Broad Acute Respiratory,10.55
2018,2017-2018,COVID-19,0.00
2018,2017-2018,Influenza,0.34
2018,2017-2018,RSV,0.06
2018,2017-2018,ILI,2.23
2018,2017-2018,Broad Acute Respiratory,9.77
2018,2017-2018,COVID-19,0.00
2018,2017-2018,Influenza,0.29
2018,2017-2018,RSV,0.07
2018,2017-2018,ILI,1.82
2018,2017-2018,Broad Acute Respiratory,9.47
2018,2017-2018,COVID-19,0.00
2018,2017-2018,Influenza,0.21
2018,2017-2018,RSV,0.03
2018,2017-2018,ILI,1.74
2018,2017-2018,Broad Acute Respiratory,8.46
2018,2017-2018,COVID-19,0.00
2018,2017-2018,Influenza,0.12
2018,2017-2018,RSV,0.04
2018,2017-2018,ILI,1.55
2018,2017-2018,Broad Acute Respiratory,8.45
2018,2017-2018,COVID-19,0.00
2018,2017-2018,Influenza,0.05
2018,2017-2018,RSV,0.02
2018,2017-2018,ILI,1.61
2018,2017-2018,Broad Acute Respiratory,8.72
2018,2017-2018,COVID-19,0.00
2018,2017-2018,Influenza,0.06
2018,2017-2018,RSV,0.05
2018,2017-2018,ILI,1.59
2018,2017-2018,Broad Acute Respiratory,8.26
2018,2017-2018,COVID-19,0.00
2018,2017-2018,Influenza,0.02
2018,2017-2018,RSV,0.02
2018,2017-2018,ILI,1.30
2018,2017-2018,Broad Acute Respiratory,8.43
2018,2017-2018,COVID-19,0.00
2018,2017-2018,Influenza,0.03
2018,2017-2018,RSV,0.02
2018,2017-2018,ILI,1.36
2018,2017-2018,Broad Acute Respiratory,8.01
2018,2017-2018,COVID-19,0.00
2018,2017-2018,Influenza,0.04
2018,2017-2018,RSV,0.02
2018,2017-2018,ILI,1.32
2018,2017-2018,Broad Acute Respiratory,7.83
2018,2017-2018,COVID-19,0.00
2018,2017-2018,Influenza,0.02
2018,2017-2018,RSV,0.03
2018,2017-2018,ILI,1.11
2018,2017-2018,Broad Acute Respiratory,7.32
2018,2017-2018,COVID-19,0.00
2018,2017-2018,Influenza,0.02
2018,2017-2018,RSV,0.01
2018,2017-2018,ILI,1.03
2018,2017-2018,Broad Acute Respiratory,6.51
2018,2017-2018,COVID-19,0.00
2018,2017-2018,Influenza,0.02
2018,2017-2018,RSV,0.01
2018,2017-2018,ILI,0.97
2018,2017-2018,Broad Acute Respiratory,6.57
2018,2017-2018,COVID-19,0.00
2018,2017-2018,Influenza,0.02
2018,2017-2018,RSV,0.00
2018,2017-2018,ILI,0.90
2018,2017-2018,Broad Acute Respiratory,6.09
2018,2017-2018,COVID-19,0.00
2018,2017-2018,Influenza,0.01
2018,2017-2018,RSV,0.01
2018,2017-2018,ILI,0.91
2018,2017-2018,Broad Acute Respiratory,6.22
2018,2017-2018,COVID-19,0.00
2018,2017-2018,Influenza,0.00
2018,2017-2018,RSV,0.00
2018,2017-2018,ILI,0.94
2018,2017-2018,Broad Acute Respiratory,6.28
2018,2017-2018,COVID-19,0.00
2018,2017-2018,Influenza,0.00
2018,2017-2018,RSV,0.02
2018,2017-2018,ILI,0.83
2018,2017-2018,Broad Acute Respiratory,6.28
2018,2017-2018,COVID-19,0.00
2018,2017-2018,Influenza,0.00
2018,2017-2018,RSV,0.00
2018,2017-2018,ILI,0.92
2018,2017-2018,Broad Acute Respiratory,6.32
2018,2017-2018,COVID-19,0.00
2018,2017-2018,Influenza,0.00
2018,2017-2018,RSV,0.01
2018,2017-2018,ILI,0.91
2018,2017-2018,Broad Acute Respiratory,6.65
2018,2017-2018,COVID-19,0.00
2018,2017-2018,Influenza,0.00
2018,2017-2018,RSV,0.01
2018,2017-2018,ILI,0.95
2018,2017-2018,Broad Acute Respiratory,7.09
2018,2017-2018,COVID-19,0.00
2018,2017-2018,Influenza,0.01
2018,2017-2018,RSV,0.01
2018,2017-2018,ILI,1.07
2018,2017-2018,Broad Acute Respiratory,7.69
2018,2017-2018,COVID-19,0.00
2018,2017-2018,Influenza,0.02
2018,2017-2018,RSV,0.02
2018,2017-2018,ILI,1.07
2018,2017-2018,Broad Acute Respiratory,9.20
2018,2017-2018,COVID-19,0.00
2018,2017-2018,Influenza,0.02
2018,2017-2018,RSV,0.02
2018,2017-2018,ILI,1.44
2018,2017-2018,Broad Acute Respiratory,8.79
2018,2017-2018,COVID-19,0.00
2018,2017-2018,Influenza,0.03
2018,2017-2018,RSV,0.02
2018,2017-2018,ILI,1.41
2018,2017-2018,Broad Acute Respiratory,8.78
2018,2017-2018,COVID-19,0.00
2018,2017-2018,Influenza,0.04
2018,2017-2018,RSV,0.01
2018,2017-2018,ILI,1.36
2018,2018-2019,Broad Acute Respiratory,8.20
2018,2018-2019,COVID-19,0.00
2018,2018-2019,Influenza,0.05
2018,2018-2019,RSV,0.02
2018,2018-2019,ILI,1.38
2018,2018-2019,Broad Acute Respiratory,9.02
2018,2018-2019,COVID-19,0.00
2018,2018-2019,Influenza,0.01
2018,2018-2019,RSV,0.05
2018,2018-2019,ILI,1.41
2018,2018-2019,Broad Acute Respiratory,10.16
2018,2018-2019,COVID-19,0.00
2018,2018-2019,Influenza,0.05
2018,2018-2019,RSV,0.04
2018,2018-2019,ILI,1.75
2018,2018-2019,Broad Acute Respiratory,10.57
2018,2018-2019,COVID-19,0.00
2018,2018-2019,Influenza,0.09
2018,2018-2019,RSV,0.09
2018,2018-2019,ILI,2.01
2018,2018-2019,Broad Acute Respiratory,11.03
2018,2018-2019,COVID-19,0.00
2018,2018-2019,Influenza,0.11
2018,2018-2019,RSV,0.13
2018,2018-2019,ILI,1.82
2018,2018-2019,Broad Acute Respiratory,11.01
2018,2018-2019,COVID-19,0.00
2018,2018-2019,Influenza,0.15
2018,2018-2019,RSV,0.15
2018,2018-2019,ILI,2.24
2018,2018-2019,Broad Acute Respiratory,11.58
2018,2018-2019,COVID-19,0.00
2018,2018-2019,Influenza,0.12
2018,2018-2019,RSV,0.15
2018,2018-2019,ILI,2.28
2018,2018-2019,Broad Acute Respiratory,11.74
2018,2018-2019,COVID-19,0.00
2018,2018-2019,Influenza,0.13
2018,2018-2019,RSV,0.20
2018,2018-2019,ILI,2.16
2018,2018-2019,Broad Acute Respiratory,11.11
2018,2018-2019,COVID-19,0.00
2018,2018-2019,Influenza,0.14
2018,2018-2019,RSV,0.19
2018,2018-2019,ILI,2.15
2018,2018-2019,Broad Acute Respiratory,11.00
2018,2018-2019,COVID-19,0.00
2018,2018-2019,Influenza,0.16
2018,2018-2019,RSV,0.35
2018,2018-2019,ILI,2.16
2018,2018-2019,Broad Acute Respiratory,12.01
2018,2018-2019,COVID-19,0.00
2018,2018-2019,Influenza,0.31
2018,2018-2019,RSV,0.39
2018,2018-2019,ILI,2.57
2018,2018-2019,Broad Acute Respiratory,13.46
2018,2018-2019,COVID-19,0.00
2018,2018-2019,Influenza,0.47
2018,2018-2019,RSV,0.49
2018,2018-2019,ILI,2.55
2018,2018-2019,Broad Acute Respiratory,16.30
2018,2018-2019,COVID-19,0.00
2018,2018-2019,Influenza,0.88
2018,2018-2019,RSV,0.62
2018,2018-2019,ILI,3.35
2018,2018-2019,Broad Acute Respiratory,15.98
2018,2018-2019,COVID-19,0.00
2018,2018-2019,Influenza,0.92
2018,2018-2019,RSV,0.71
2018,2018-2019,ILI,3.18
2019,2018-2019,Broad Acute Respiratory,13.94
2019,2018-2019,COVID-19,0.00
2019,2018-2019,Influenza,1.22
2019,2018-2019,RSV,0.44
2019,2018-2019,ILI,3.08
2019,2018-2019,Broad Acute Respiratory,14.30
2019,2018-2019,COVID-19,0.00
2019,2018-2019,Influenza,1.55
2019,2018-2019,RSV,0.41
2019,2018-2019,ILI,3.11
2019,2018-2019,Broad Acute Respiratory,14.52
2019,2018-2019,COVID-19,0.00
2019,2018-2019,Influenza,1.91
2019,2018-2019,RSV,0.33
2019,2018-2019,ILI,3.28
2019,2018-2019,Broad Acute Respiratory,14.04
2019,2018-2019,COVID-19,0.00
2019,2018-2019,Influenza,1.97
2019,2018-2019,RSV,0.33
2019,2018-2019,ILI,3.12
2019,2018-2019,Broad Acute Respiratory,11.84
2019,2018-2019,COVID-19,0.00
2019,2018-2019,Influenza,1.43
2019,2018-2019,RSV,0.21
2019,2018-2019,ILI,2.27
2019,2018-2019,Broad Acute Respiratory,12.40
2019,2018-2019,COVID-19,0.00
2019,2018-2019,Influenza,1.57
2019,2018-2019,RSV,0.14
2019,2018-2019,ILI,2.63
2019,2018-2019,Broad Acute Respiratory,12.25
2019,2018-2019,COVID-19,0.00
2019,2018-2019,Influenza,1.55
2019,2018-2019,RSV,0.16
2019,2018-2019,ILI,2.61
2019,2018-2019,Broad Acute Respiratory,12.95
2019,2018-2019,COVID-19,0.00
2019,2018-2019,Influenza,1.62
2019,2018-2019,RSV,0.12
2019,2018-2019,ILI,2.89
2019,2018-2019,Broad Acute Respiratory,13.21
2019,2018-2019,COVID-19,0.00
2019,2018-2019,Influenza,1.67
2019,2018-2019,RSV,0.11
2019,2018-2019,ILI,3.04
2019,2018-2019,Broad Acute Respiratory,13.01
2019,2018-2019,COVID-19,0.00
2019,2018-2019,Influenza,1.79
2019,2018-2019,RSV,0.08
2019,2018-2019,ILI,3.09
2019,2018-2019,Broad Acute Respiratory,13.10
2019,2018-2019,COVID-19,0.00
2019,2018-2019,Influenza,1.69
2019,2018-2019,RSV,0.08
2019,2018-2019,ILI,3.05
2019,2018-2019,Broad Acute Respiratory,13.47
2019,2018-2019,COVID-19,0.00
2019,2018-2019,Influenza,1.84
2019,2018-2019,RSV,0.08
2019,2018-2019,ILI,3.11
2019,2018-2019,Broad Acute Respiratory,12.71
2019,2018-2019,COVID-19,0.00
2019,2018-2019,Influenza,1.81
2019,2018-2019,RSV,0.04
2019,2018-2019,ILI,2.98
2019,2018-2019,Broad Acute Respiratory,12.01
2019,2018-2019,COVID-19,0.00
2019,2018-2019,Influenza,1.34
2019,2018-2019,RSV,0.03
2019,2018-2019,ILI,2.52
2019,2018-2019,Broad Acute Respiratory,10.73
2019,2018-2019,COVID-19,0.00
2019,2018-2019,Influenza,0.84
2019,2018-2019,RSV,0.01
2019,2018-2019,ILI,2.01
2019,2018-2019,Broad Acute Respiratory,10.03
2019,2018-2019,COVID-19,0.00
2019,2018-2019,Influenza,0.57
2019,2018-2019,RSV,0.02
2019,2018-2019,ILI,1.75
2019,2018-2019,Broad Acute Respiratory,9.98
2019,2018-2019,COVID-19,0.00
2019,2018-2019,Influenza,0.38
2019,2018-2019,RSV,0.02
2019,2018-2019,ILI,1.77
2019,2018-2019,Broad Acute Respiratory,9.72
2019,2018-2019,COVID-19,0.00
2019,2018-2019,Influenza,0.27
2019,2018-2019,RSV,0.02
2019,2018-2019,ILI,1.64
2019,2018-2019,Broad Acute Respiratory,10.13
2019,2018-2019,COVID-19,0.00
2019,2018-2019,Influenza,0.22
2019,2018-2019,RSV,0.02
2019,2018-2019,ILI,1.66
2019,2018-2019,Broad Acute Respiratory,9.80
2019,2018-2019,COVID-19,0.00
2019,2018-2019,Influenza,0.14
2019,2018-2019,RSV,0.01
2019,2018-2019,ILI,1.58
2019,2018-2019,Broad Acute Respiratory,9.90
2019,2018-2019,COVID-19,0.00
2019,2018-2019,Influenza,0.09
2019,2018-2019,RSV,0.02
2019,2018-2019,ILI,1.45
2019,2018-2019,Broad Acute Respiratory,9.02
2019,2018-2019,COVID-19,0.00
2019,2018-2019,Influenza,0.06
2019,2018-2019,RSV,0.01
2019,2018-2019,ILI,1.30
2019,2018-2019,Broad Acute Respiratory,8.95
2019,2018-2019,COVID-19,0.00
2019,2018-2019,Influenza,0.07
2019,2018-2019,RSV,0.01
2019,2018-2019,ILI,1.26
2019,2018-2019,Broad Acute Respiratory,8.33
2019,2018-2019,COVID-19,0.00
2019,2018-2019,Influenza,0.07
2019,2018-2019,RSV,0.00
2019,2018-2019,ILI,1.25
2019,2018-2019,Broad Acute Respiratory,8.37
2019,2018-2019,COVID-19,0.00
2019,2018-2019,Influenza,0.05
2019,2018-2019,RSV,0.00
2019,2018-2019,ILI,1.13
2019,2018-2019,Broad Acute Respiratory,7.58
2019,2018-2019,COVID-19,0.00
2019,2018-2019,Influenza,0.03
2019,2018-2019,RSV,0.01
2019,2018-2019,ILI,1.05
2019,2018-2019,Broad Acute Respiratory,6.98
2019,2018-2019,COVID-19,0.00
2019,2018-2019,Influenza,0.05
2019,2018-2019,RSV,0.00
2019,2018-2019,ILI,0.98
2019,2018-2019,Broad Acute Respiratory,6.40
2019,2018-2019,COVID-19,0.00
2019,2018-2019,Influenza,0.02
2019,2018-2019,RSV,0.00
2019,2018-2019,ILI,0.85
2019,2018-2019,Broad Acute Respiratory,6.65
2019,2018-2019,COVID-19,0.00
2019,2018-2019,Influenza,0.04
2019,2018-2019,RSV,0.00
2019,2018-2019,ILI,0.86
2019,2018-2019,Broad Acute Respiratory,6.48
2019,2018-2019,COVID-19,0.00
2019,2018-2019,Influenza,0.02
2019,2018-2019,RSV,0.00
2019,2018-2019,ILI,0.73
2019,2018-2019,Broad Acute Respiratory,6.32
2019,2018-2019,COVID-19,0.00
2019,2018-2019,Influenza,0.02
2019,2018-2019,RSV,0.00
2019,2018-2019,ILI,0.81
2019,2018-2019,Broad Acute Respiratory,6.50
2019,2018-2019,COVID-19,0.00
2019,2018-2019,Influenza,0.03
2019,2018-2019,RSV,0.00
2019,2018-2019,ILI,0.88
2019,2018-2019,Broad Acute Respiratory,6.78
2019,2018-2019,COVID-19,0.00
2019,2018-2019,Influenza,0.02
2019,2018-2019,RSV,0.00
2019,2018-2019,ILI,0.80
2019,2018-2019,Broad Acute Respiratory,7.37
2019,2018-2019,COVID-19,0.00
2019,2018-2019,Influenza,0.04
2019,2018-2019,RSV,0.01
2019,2018-2019,ILI,0.96
2019,2018-2019,Broad Acute Respiratory,7.62
2019,2018-2019,COVID-19,0.00
2019,2018-2019,Influenza,0.05
2019,2018-2019,RSV,0.01
2019,2018-2019,ILI,1.14
2019,2018-2019,Broad Acute Respiratory,8.68
2019,2018-2019,COVID-19,0.00
2019,2018-2019,Influenza,0.04
2019,2018-2019,RSV,0.00
2019,2018-2019,ILI,1.43
2019,2018-2019,Broad Acute Respiratory,9.49
2019,2018-2019,COVID-19,0.00
2019,2018-2019,Influenza,0.08
2019,2018-2019,RSV,0.01
2019,2018-2019,ILI,1.62
2019,2018-2019,Broad Acute Respiratory,9.74
2019,2018-2019,COVID-19,0.00
2019,2018-2019,Influenza,0.06
2019,2018-2019,RSV,0.00
2019,2018-2019,ILI,1.67
2019,2019-2020,Broad Acute Respiratory,13.32
2019,2019-2020,Broad Acute Respiratory,9.28
2019,2019-2020,COVID-19,0.00
2019,2019-2020,COVID-19,0.00
2019,2019-2020,Influenza,0.09
2019,2019-2020,Influenza,0.07
2019,2019-2020,RSV,0.00
2019,2019-2020,RSV,0.00
2019,2019-2020,ILI,0.53
2019,2019-2020,ILI,1.66
2019,2019-2020,Broad Acute Respiratory,14.49
2019,2019-2020,Broad Acute Respiratory,10.15
2019,2019-2020,COVID-19,0.00
2019,2019-2020,COVID-19,0.00
2019,2019-2020,Influenza,0.06
2019,2019-2020,Influenza,0.06
2019,2019-2020,RSV,0.02
2019,2019-2020,RSV,0.01
2019,2019-2020,ILI,0.48
2019,2019-2020,ILI,2.01
2019,2019-2020,Broad Acute Respiratory,14.16
2019,2019-2020,Broad Acute Respiratory,10.62
2019,2019-2020,COVID-19,0.00
2019,2019-2020,COVID-19,0.00
2019,2019-2020,Influenza,0.09
2019,2019-2020,Influenza,0.11
2019,2019-2020,RSV,0.04
2019,2019-2020,RSV,0.02
2019,2019-2020,ILI,0.46
2019,2019-2020,ILI,1.90
2019,2019-2020,Broad Acute Respiratory,14.25
2019,2019-2020,Broad Acute Respiratory,10.37
2019,2019-2020,COVID-19,0.00
2019,2019-2020,COVID-19,0.00
2019,2019-2020,Influenza,0.09
2019,2019-2020,Influenza,0.09
2019,2019-2020,RSV,0.07
2019,2019-2020,RSV,0.03
2019,2019-2020,ILI,0.95
2019,2019-2020,ILI,2.19
2019,2019-2020,Broad Acute Respiratory,14.18
2019,2019-2020,Broad Acute Respiratory,9.97
2019,2019-2020,COVID-19,0.00
2019,2019-2020,COVID-19,0.00
2019,2019-2020,Influenza,0.05
2019,2019-2020,Influenza,0.10
2019,2019-2020,RSV,0.07
2019,2019-2020,RSV,0.03
2019,2019-2020,ILI,0.98
2019,2019-2020,ILI,2.00
2019,2019-2020,Broad Acute Respiratory,14.02
2019,2019-2020,Broad Acute Respiratory,10.40
2019,2019-2020,COVID-19,0.00
2019,2019-2020,COVID-19,0.00
2019,2019-2020,Influenza,0.15
2019,2019-2020,Influenza,0.13
2019,2019-2020,RSV,0.15
2019,2019-2020,RSV,0.07
2019,2019-2020,ILI,0.72
2019,2019-2020,ILI,1.78
2019,2019-2020,Broad Acute Respiratory,12.88
2019,2019-2020,Broad Acute Respiratory,10.62
2019,2019-2020,COVID-19,0.00
2019,2019-2020,COVID-19,0.00
2019,2019-2020,Influenza,0.25
2019,2019-2020,Influenza,0.19
2019,2019-2020,RSV,0.13
2019,2019-2020,RSV,0.12
2019,2019-2020,ILI,0.67
2019,2019-2020,ILI,1.96
2019,2019-2020,Broad Acute Respiratory,12.73
2019,2019-2020,Broad Acute Respiratory,10.76
2019,2019-2020,COVID-19,0.00
2019,2019-2020,COVID-19,0.00
2019,2019-2020,Influenza,0.11
2019,2019-2020,Influenza,0.22
2019,2019-2020,RSV,0.40
2019,2019-2020,RSV,0.14
2019,2019-2020,ILI,0.53
2019,2019-2020,ILI,1.91
2019,2019-2020,Broad Acute Respiratory,14.82
2019,2019-2020,Broad Acute Respiratory,12.45
2019,2019-2020,COVID-19,0.00
2019,2019-2020,COVID-19,0.00
2019,2019-2020,Influenza,0.15
2019,2019-2020,Influenza,0.32
2019,2019-2020,RSV,0.31
2019,2019-2020,RSV,0.24
2019,2019-2020,ILI,0.65
2019,2019-2020,ILI,2.46
2019,2019-2020,Broad Acute Respiratory,14.73
2019,2019-2020,Broad Acute Respiratory,13.09
2019,2019-2020,COVID-19,0.00
2019,2019-2020,COVID-19,0.00
2019,2019-2020,Influenza,0.26
2019,2019-2020,Influenza,0.47
2019,2019-2020,RSV,0.71
2019,2019-2020,RSV,0.36
2019,2019-2020,ILI,0.90
2019,2019-2020,ILI,2.87
2019,2019-2020,Broad Acute Respiratory,15.46
2019,2019-2020,Broad Acute Respiratory,14.13
2019,2019-2020,COVID-19,0.00
2019,2019-2020,COVID-19,0.00
2019,2019-2020,Influenza,0.37
2019,2019-2020,Influenza,1.00
2019,2019-2020,RSV,0.80
2019,2019-2020,RSV,0.51
2019,2019-2020,ILI,1.18
2019,2019-2020,ILI,3.57
2019,2019-2020,Broad Acute Respiratory,16.19
2019,2019-2020,Broad Acute Respiratory,16.22
2019,2019-2020,COVID-19,0.00
2019,2019-2020,COVID-19,0.00
2019,2019-2020,Influenza,1.20
2019,2019-2020,Influenza,1.87
2019,2019-2020,RSV,1.20
2019,2019-2020,RSV,0.49
2019,2019-2020,ILI,1.37
2019,2019-2020,ILI,4.51
2019,2019-2020,Broad Acute Respiratory,18.37
2019,2019-2020,Broad Acute Respiratory,20.22
2019,2019-2020,COVID-19,0.00
2019,2019-2020,COVID-19,0.00
2019,2019-2020,Influenza,2.05
2019,2019-2020,Influenza,3.85
2019,2019-2020,RSV,1.33
2019,2019-2020,RSV,0.67
2019,2019-2020,ILI,1.67
2019,2019-2020,ILI,6.36
2019,2019-2020,Broad Acute Respiratory,19.90
2019,2019-2020,Broad Acute Respiratory,19.62
2019,2019-2020,COVID-19,0.00
2019,2019-2020,COVID-19,0.00
2019,2019-2020,Influenza,2.45
2019,2019-2020,Influenza,3.51
2019,2019-2020,RSV,1.71
2019,2019-2020,RSV,0.73
2019,2019-2020,ILI,1.86
2019,2019-2020,ILI,6.05
2020,2019-2020,Broad Acute Respiratory,17.12
2020,2019-2020,Broad Acute Respiratory,17.55
2020,2019-2020,COVID-19,0.00
2020,2019-2020,COVID-19,0.00
2020,2019-2020,Influenza,2.36
2020,2019-2020,Influenza,3.28
2020,2019-2020,RSV,1.20
2020,2019-2020,RSV,0.52
2020,2019-2020,ILI,1.73
2020,2019-2020,ILI,5.55
2020,2019-2020,Broad Acute Respiratory,16.96
2020,2019-2020,Broad Acute Respiratory,17.35
2020,2019-2020,COVID-19,0.00
2020,2019-2020,COVID-19,0.00
2020,2019-2020,Influenza,2.25
2020,2019-2020,Influenza,4.07
2020,2019-2020,RSV,0.79
2020,2019-2020,RSV,0.41
2020,2019-2020,ILI,1.93
2020,2019-2020,ILI,5.60
2020,2019-2020,Broad Acute Respiratory,17.81
2020,2019-2020,Broad Acute Respiratory,18.38
2020,2019-2020,COVID-19,0.00
2020,2019-2020,COVID-19,0.00
2020,2019-2020,Influenza,2.75
2020,2019-2020,Influenza,4.89
2020,2019-2020,RSV,0.70
2020,2019-2020,RSV,0.36
2020,2019-2020,ILI,1.68
2020,2019-2020,ILI,6.22
2020,2019-2020,Broad Acute Respiratory,17.53
2020,2019-2020,Broad Acute Respiratory,19.49
2020,2019-2020,COVID-19,0.00
2020,2019-2020,COVID-19,0.00
2020,2019-2020,Influenza,3.15
2020,2019-2020,Influenza,5.65
2020,2019-2020,RSV,0.41
2020,2019-2020,RSV,0.28
2020,2019-2020,ILI,2.03
2020,2019-2020,ILI,7.11
2020,2019-2020,Broad Acute Respiratory,19.19
2020,2019-2020,Broad Acute Respiratory,19.55
2020,2019-2020,COVID-19,0.00
2020,2019-2020,COVID-19,0.00
2020,2019-2020,Influenza,3.92
2020,2019-2020,Influenza,5.75
2020,2019-2020,RSV,0.48
2020,2019-2020,RSV,0.22
2020,2019-2020,ILI,2.38
2020,2019-2020,ILI,6.81
2020,2019-2020,Broad Acute Respiratory,18.26
2020,2019-2020,Broad Acute Respiratory,18.65
2020,2019-2020,COVID-19,0.00
2020,2019-2020,COVID-19,0.00
2020,2019-2020,Influenza,4.34
2020,2019-2020,Influenza,5.43
2020,2019-2020,RSV,0.44
2020,2019-2020,RSV,0.20
2020,2019-2020,ILI,2.20
2020,2019-2020,ILI,6.16
2020,2019-2020,Broad Acute Respiratory,18.67
2020,2019-2020,Broad Acute Respiratory,18.27
2020,2019-2020,COVID-19,0.00
2020,2019-2020,COVID-19,0.00
2020,2019-2020,Influenza,3.50
2020,2019-2020,Influenza,5.20
2020,2019-2020,RSV,0.35
2020,2019-2020,RSV,0.16
2020,2019-2020,ILI,1.85
2020,2019-2020,ILI,6.27
2020,2019-2020,Broad Acute Respiratory,18.04
2020,2019-2020,Broad Acute Respiratory,17.22
2020,2019-2020,COVID-19,0.00
2020,2019-2020,COVID-19,0.00
2020,2019-2020,Influenza,3.77
2020,2019-2020,Influenza,4.55
2020,2019-2020,RSV,0.16
2020,2019-2020,RSV,0.11
2020,2019-2020,ILI,1.87
2020,2019-2020,ILI,5.24
2020,2019-2020,Broad Acute Respiratory,18.41
2020,2019-2020,Broad Acute Respiratory,17.39
2020,2019-2020,COVID-19,0.00
2020,2019-2020,COVID-19,0.00
2020,2019-2020,Influenza,3.02
2020,2019-2020,Influenza,3.95
2020,2019-2020,RSV,0.35
2020,2019-2020,RSV,0.13
2020,2019-2020,ILI,1.87
2020,2019-2020,ILI,5.58
2020,2019-2020,Broad Acute Respiratory,18.65
2020,2019-2020,Broad Acute Respiratory,20.40
2020,2019-2020,COVID-19,0.14
2020,2019-2020,COVID-19,0.02
2020,2019-2020,Influenza,2.51
2020,2019-2020,Influenza,2.99
2020,2019-2020,RSV,0.33
2020,2019-2020,RSV,0.16
2020,2019-2020,ILI,1.95
2020,2019-2020,ILI,6.33
2020,2019-2020,Broad Acute Respiratory,20.70
2020,2019-2020,Broad Acute Respiratory,24.63
2020,2019-2020,COVID-19,1.09
2020,2019-2020,COVID-19,0.21
2020,2019-2020,Influenza,1.16
2020,2019-2020,Influenza,1.25
2020,2019-2020,RSV,0.20
2020,2019-2020,RSV,0.07
2020,2019-2020,ILI,3.26
2020,2019-2020,ILI,7.51
2020,2019-2020,Broad Acute Respiratory,29.20
2020,2019-2020,Broad Acute Respiratory,26.92
2020,2019-2020,COVID-19,6.85
2020,2019-2020,COVID-19,1.70
2020,2019-2020,Influenza,0.57
2020,2019-2020,Influenza,0.41
2020,2019-2020,RSV,0.13
2020,2019-2020,RSV,0.05
2020,2019-2020,ILI,4.68
2020,2019-2020,ILI,6.45
2020,2019-2020,Broad Acute Respiratory,34.11
2020,2019-2020,Broad Acute Respiratory,26.82
2020,2019-2020,COVID-19,16.44
2020,2019-2020,COVID-19,5.06
2020,2019-2020,Influenza,0.27
2020,2019-2020,Influenza,0.27
2020,2019-2020,RSV,0.00
2020,2019-2020,RSV,0.01
2020,2019-2020,ILI,4.69
2020,2019-2020,ILI,6.61
2020,2019-2020,Broad Acute Respiratory,33.52
2020,2019-2020,Broad Acute Respiratory,24.43
2020,2019-2020,COVID-19,18.65
2020,2019-2020,COVID-19,7.34
2020,2019-2020,Influenza,0.26
2020,2019-2020,Influenza,0.16
2020,2019-2020,RSV,0.00
2020,2019-2020,RSV,0.01
2020,2019-2020,ILI,3.84
2020,2019-2020,ILI,4.91
2020,2019-2020,Broad Acute Respiratory,31.60
2020,2019-2020,Broad Acute Respiratory,22.73
2020,2019-2020,COVID-19,18.27
2020,2019-2020,COVID-19,8.18
2020,2019-2020,Influenza,0.14
2020,2019-2020,Influenza,0.17
2020,2019-2020,RSV,0.00
2020,2019-2020,RSV,0.00
2020,2019-2020,ILI,3.19
2020,2019-2020,ILI,4.73
2020,2019-2020,Broad Acute Respiratory,31.03
2020,2019-2020,Broad Acute Respiratory,22.14
2020,2019-2020,COVID-19,18.81
2020,2019-2020,COVID-19,8.95
2020,2019-2020,Influenza,0.11
2020,2019-2020,Influenza,0.07
2020,2019-2020,RSV,0.00
2020,2019-2020,RSV,0.00
2020,2019-2020,ILI,2.52
2020,2019-2020,ILI,4.12
2020,2019-2020,Broad Acute Respiratory,30.90
2020,2019-2020,Broad Acute Respiratory,21.06
2020,2019-2020,COVID-19,19.46
2020,2019-2020,COVID-19,10.00
2020,2019-2020,Influenza,0.09
2020,2019-2020,Influenza,0.10
2020,2019-2020,RSV,0.00
2020,2019-2020,RSV,0.00
2020,2019-2020,ILI,2.54
2020,2019-2020,ILI,3.43
2020,2019-2020,Broad Acute Respiratory,28.17
2020,2019-2020,Broad Acute Respiratory,19.14
2020,2019-2020,COVID-19,16.93
2020,2019-2020,COVID-19,9.42
2020,2019-2020,Influenza,0.06
2020,2019-2020,Influenza,0.03
2020,2019-2020,RSV,0.00
2020,2019-2020,RSV,0.00
2020,2019-2020,ILI,2.09
2020,2019-2020,ILI,2.92
2020,2019-2020,Broad Acute Respiratory,26.56
2020,2019-2020,Broad Acute Respiratory,17.28
2020,2019-2020,COVID-19,15.31
2020,2019-2020,COVID-19,8.18
2020,2019-2020,Influenza,0.07
2020,2019-2020,Influenza,0.03
2020,2019-2020,RSV,0.00
2020,2019-2020,RSV,0.00
2020,2019-2020,ILI,1.76
2020,2019-2020,ILI,2.58
2020,2019-2020,Broad Acute Respiratory,22.94
2020,2019-2020,Broad Acute Respiratory,14.72
2020,2019-2020,COVID-19,12.44
2020,2019-2020,COVID-19,6.65
2020,2019-2020,Influenza,0.03
2020,2019-2020,Influenza,0.05
2020,2019-2020,RSV,0.00
2020,2019-2020,RSV,0.00
2020,2019-2020,ILI,1.60
2020,2019-2020,ILI,2.35
2020,2019-2020,Broad Acute Respiratory,19.44
2020,2019-2020,Broad Acute Respiratory,11.61
2020,2019-2020,COVID-19,9.17
2020,2019-2020,COVID-19,4.75
2020,2019-2020,Influenza,0.02
2020,2019-2020,Influenza,0.02
2020,2019-2020,RSV,0.00
2020,2019-2020,RSV,0.00
2020,2019-2020,ILI,1.13
2020,2019-2020,ILI,1.61
2020,2019-2020,Broad Acute Respiratory,15.65
2020,2019-2020,Broad Acute Respiratory,9.09
2020,2019-2020,COVID-19,5.88
2020,2019-2020,COVID-19,3.07
2020,2019-2020,Influenza,0.07
2020,2019-2020,Influenza,0.06
2020,2019-2020,RSV,0.00
2020,2019-2020,RSV,0.01
2020,2019-2020,ILI,0.76
2020,2019-2020,ILI,1.25
2020,2019-2020,Broad Acute Respiratory,13.28
2020,2019-2020,Broad Acute Respiratory,7.41
2020,2019-2020,COVID-19,4.22
2020,2019-2020,COVID-19,1.93
2020,2019-2020,Influenza,0.00
2020,2019-2020,Influenza,0.01
2020,2019-2020,RSV,0.00
2020,2019-2020,RSV,0.00
2020,2019-2020,ILI,0.60
2020,2019-2020,ILI,1.07
2020,2019-2020,Broad Acute Respiratory,12.71
2020,2019-2020,Broad Acute Respiratory,6.97
2020,2019-2020,COVID-19,3.83
2020,2019-2020,COVID-19,1.68
2020,2019-2020,Influenza,0.02
2020,2019-2020,Influenza,0.01
2020,2019-2020,RSV,0.00
2020,2019-2020,RSV,0.00
2020,2019-2020,ILI,0.62
2020,2019-2020,ILI,1.28
2020,2019-2020,Broad Acute Respiratory,12.61
2020,2019-2020,Broad Acute Respiratory,7.18
2020,2019-2020,COVID-19,2.72
2020,2019-2020,COVID-19,1.26
2020,2019-2020,Influenza,0.02
2020,2019-2020,Influenza,0.01
2020,2019-2020,RSV,0.00
2020,2019-2020,RSV,0.00
2020,2019-2020,ILI,0.52
2020,2019-2020,ILI,1.06
2020,2019-2020,Broad Acute Respiratory,12.16
2020,2019-2020,Broad Acute Respiratory,7.27
2020,2019-2020,COVID-19,2.77
2020,2019-2020,COVID-19,1.52
2020,2019-2020,Influenza,0.02
2020,2019-2020,Influenza,0.01
2020,2019-2020,RSV,0.00
2020,2019-2020,RSV,0.00
2020,2019-2020,ILI,0.57
2020,2019-2020,ILI,0.93
2020,2019-2020,Broad Acute Respiratory,11.42
2020,2019-2020,Broad Acute Respiratory,7.50
2020,2019-2020,COVID-19,2.13
2020,2019-2020,COVID-19,1.39
2020,2019-2020,Influenza,0.07
2020,2019-2020,Influenza,0.03
2020,2019-2020,RSV,0.02
2020,2019-2020,RSV,0.01
2020,2019-2020,ILI,0.40
2020,2019-2020,ILI,0.92
2020,2019-2020,Broad Acute Respiratory,11.50
2020,2019-2020,Broad Acute Respiratory,7.88
2020,2019-2020,COVID-19,2.74
2020,2019-2020,COVID-19,1.56
2020,2019-2020,Influenza,0.03
2020,2019-2020,Influenza,0.02
2020,2019-2020,RSV,0.00
2020,2019-2020,RSV,0.00
2020,2019-2020,ILI,0.45
2020,2019-2020,ILI,0.90
2020,2019-2020,Broad Acute Respiratory,11.86
2020,2019-2020,Broad Acute Respiratory,7.85
2020,2019-2020,COVID-19,2.43
2020,2019-2020,COVID-19,1.29
2020,2019-2020,Influenza,0.03
2020,2019-2020,Influenza,0.03
2020,2019-2020,RSV,0.00
2020,2019-2020,RSV,0.00
2020,2019-2020,ILI,0.54
2020,2019-2020,ILI,1.16
2020,2019-2020,Broad Acute Respiratory,12.47
2020,2019-2020,Broad Acute Respiratory,8.42
2020,2019-2020,COVID-19,2.50
2020,2019-2020,COVID-19,1.72
2020,2019-2020,Influenza,0.00
2020,2019-2020,Influenza,0.03
2020,2019-2020,RSV,0.00
2020,2019-2020,RSV,0.00
2020,2019-2020,ILI,0.45
2020,2019-2020,ILI,0.99
2020,2019-2020,Broad Acute Respiratory,12.11
2020,2019-2020,Broad Acute Respiratory,7.76
2020,2019-2020,COVID-19,2.29
2020,2019-2020,COVID-19,1.48
2020,2019-2020,Influenza,0.05
2020,2019-2020,Influenza,0.02
2020,2019-2020,RSV,0.00
2020,2019-2020,RSV,0.00
2020,2019-2020,ILI,0.40
2020,2019-2020,ILI,1.03
2020,2019-2020,Broad Acute Respiratory,11.43
2020,2019-2020,Broad Acute Respiratory,7.87
2020,2019-2020,COVID-19,2.43
2020,2019-2020,COVID-19,1.55
2020,2019-2020,Influenza,0.02
2020,2019-2020,Influenza,0.03
2020,2019-2020,RSV,0.00
2020,2019-2020,RSV,0.00
2020,2019-2020,ILI,0.30
2020,2019-2020,ILI,1.08
2020,2019-2020,Broad Acute Respiratory,11.95
2020,2019-2020,Broad Acute Respiratory,7.67
2020,2019-2020,COVID-19,2.81
2020,2019-2020,COVID-19,1.51
2020,2019-2020,Influenza,0.00
2020,2019-2020,Influenza,0.01
2020,2019-2020,RSV,0.02
2020,2019-2020,RSV,0.01
2020,2019-2020,ILI,0.34
2020,2019-2020,ILI,0.83
2020,2019-2020,Broad Acute Respiratory,11.78
2020,2019-2020,Broad Acute Respiratory,7.62
2020,2019-2020,COVID-19,2.78
2020,2019-2020,COVID-19,1.61
2020,2019-2020,Influenza,0.03
2020,2019-2020,Influenza,0.01
2020,2019-2020,RSV,0.00
2020,2019-2020,RSV,0.00
2020,2019-2020,ILI,0.42
2020,2019-2020,ILI,1.04
2020,2019-2020,Broad Acute Respiratory,11.98
2020,2019-2020,Broad Acute Respiratory,7.12
2020,2019-2020,COVID-19,2.80
2020,2019-2020,COVID-19,1.35
2020,2019-2020,Influenza,0.05
2020,2019-2020,Influenza,0.03
2020,2019-2020,RSV,0.00
2020,2019-2020,RSV,0.00
2020,2019-2020,ILI,0.41
2020,2019-2020,ILI,1.03
2020,2019-2020,Broad Acute Respiratory,11.58
2020,2019-2020,Broad Acute Respiratory,7.42
2020,2019-2020,COVID-19,2.09
2020,2019-2020,COVID-19,1.22
2020,2019-2020,Influenza,0.00
2020,2019-2020,Influenza,0.01
2020,2019-2020,RSV,0.00
2020,2019-2020,RSV,0.00
2020,2019-2020,ILI,0.42
2020,2019-2020,ILI,0.91
2020,2019-2020,Broad Acute Respiratory,11.58
2020,2019-2020,Broad Acute Respiratory,7.05
2020,2019-2020,COVID-19,2.24
2020,2019-2020,COVID-19,1.14
2020,2019-2020,Influenza,0.00
2020,2019-2020,Influenza,0.02
2020,2019-2020,RSV,0.02
2020,2019-2020,RSV,0.01
2020,2019-2020,ILI,0.55
2020,2019-2020,ILI,0.95
2020,2019-2020,Broad Acute Respiratory,11.81
2020,2019-2020,Broad Acute Respiratory,7.53
2020,2019-2020,COVID-19,2.35
2020,2019-2020,COVID-19,1.20
2020,2019-2020,Influenza,0.02
2020,2019-2020,Influenza,0.02
2020,2019-2020,RSV,0.00
2020,2019-2020,RSV,0.01
2020,2019-2020,ILI,0.53
2020,2019-2020,ILI,1.17
2020,2020-2021,Broad Acute Respiratory,12.35
2020,2020-2021,Broad Acute Respiratory,8.51
2020,2020-2021,COVID-19,2.74
2020,2020-2021,COVID-19,1.55
2020,2020-2021,Influenza,0.02
2020,2020-2021,Influenza,0.01
2020,2020-2021,RSV,0.00
2020,2020-2021,RSV,0.01
2020,2020-2021,ILI,0.62
2020,2020-2021,ILI,1.15
2020,2020-2021,Broad Acute Respiratory,12.91
2020,2020-2021,Broad Acute Respiratory,9.12
2020,2020-2021,COVID-19,3.11
2020,2020-2021,COVID-19,1.76
2020,2020-2021,Influenza,0.05
2020,2020-2021,Influenza,0.06
2020,2020-2021,RSV,0.00
2020,2020-2021,RSV,0.00
2020,2020-2021,ILI,0.66
2020,2020-2021,ILI,1.39
2020,2020-2021,Broad Acute Respiratory,12.67
2020,2020-2021,Broad Acute Respiratory,8.89
2020,2020-2021,COVID-19,3.73
2020,2020-2021,COVID-19,2.07
2020,2020-2021,Influenza,0.03
2020,2020-2021,Influenza,0.06
2020,2020-2021,RSV,0.00
2020,2020-2021,RSV,0.00
2020,2020-2021,ILI,0.36
2020,2020-2021,ILI,0.74
2020,2020-2021,Broad Acute Respiratory,15.25
2020,2020-2021,Broad Acute Respiratory,10.42
2020,2020-2021,COVID-19,5.90
2020,2020-2021,COVID-19,3.29
2020,2020-2021,Influenza,0.03
2020,2020-2021,Influenza,0.02
2020,2020-2021,RSV,0.00
2020,2020-2021,RSV,0.00
2020,2020-2021,ILI,0.35
2020,2020-2021,ILI,0.83
2020,2020-2021,Broad Acute Respiratory,17.31
2020,2020-2021,Broad Acute Respiratory,12.17
2020,2020-2021,COVID-19,8.85
2020,2020-2021,COVID-19,4.86
2020,2020-2021,Influenza,0.07
2020,2020-2021,Influenza,0.07
2020,2020-2021,RSV,0.02
2020,2020-2021,RSV,0.01
2020,2020-2021,ILI,0.85
2020,2020-2021,ILI,1.28
2020,2020-2021,Broad Acute Respiratory,20.43
2020,2020-2021,Broad Acute Respiratory,15.05
2020,2020-2021,COVID-19,11.98
2020,2020-2021,COVID-19,7.11
2020,2020-2021,Influenza,0.02
2020,2020-2021,Influenza,0.06
2020,2020-2021,RSV,0.00
2020,2020-2021,RSV,0.00
2020,2020-2021,ILI,0.90
2020,2020-2021,ILI,1.40
2020,2020-2021,Broad Acute Respiratory,23.73
2020,2020-2021,Broad Acute Respiratory,16.10
2020,2020-2021,COVID-19,14.83
2020,2020-2021,COVID-19,8.30
2020,2020-2021,Influenza,0.07
2020,2020-2021,Influenza,0.08
2020,2020-2021,RSV,0.00
2020,2020-2021,RSV,0.00
2020,2020-2021,ILI,0.95
2020,2020-2021,ILI,1.44
2020,2020-2021,Broad Acute Respiratory,22.89
2020,2020-2021,Broad Acute Respiratory,16.37
2020,2020-2021,COVID-19,14.51
2020,2020-2021,COVID-19,8.29
2020,2020-2021,Influenza,0.07
2020,2020-2021,Influenza,0.13
2020,2020-2021,RSV,0.00
2020,2020-2021,RSV,0.01
2020,2020-2021,ILI,0.89
2020,2020-2021,ILI,1.33
2020,2020-2021,Broad Acute Respiratory,24.29
2020,2020-2021,Broad Acute Respiratory,15.32
2020,2020-2021,COVID-19,15.78
2020,2020-2021,COVID-19,8.37
2020,2020-2021,Influenza,0.11
2020,2020-2021,Influenza,0.09
2020,2020-2021,RSV,0.00
2020,2020-2021,RSV,0.01
2020,2020-2021,ILI,0.78
2020,2020-2021,ILI,1.20
2020,2020-2021,Broad Acute Respiratory,23.09
2020,2020-2021,Broad Acute Respiratory,14.96
2020,2020-2021,COVID-19,13.55
2020,2020-2021,COVID-19,7.03
2020,2020-2021,Influenza,0.10
2020,2020-2021,Influenza,0.14
2020,2020-2021,RSV,0.00
2020,2020-2021,RSV,0.01
2020,2020-2021,ILI,0.84
2020,2020-2021,ILI,1.13
2020,2020-2021,Broad Acute Respiratory,21.13
2020,2020-2021,Broad Acute Respiratory,14.36
2020,2020-2021,COVID-19,12.33
2020,2020-2021,COVID-19,7.22
2020,2020-2021,Influenza,0.09
2020,2020-2021,Influenza,0.14
2020,2020-2021,RSV,0.00
2020,2020-2021,RSV,0.01
2020,2020-2021,ILI,0.62
2020,2020-2021,ILI,1.00
2020,2020-2021,Broad Acute Respiratory,20.39
2020,2020-2021,Broad Acute Respiratory,13.28
2020,2020-2021,COVID-19,11.56
2020,2020-2021,COVID-19,6.46
2020,2020-2021,Influenza,0.05
2020,2020-2021,Influenza,0.07
2020,2020-2021,RSV,0.02
2020,2020-2021,RSV,0.01
2020,2020-2021,ILI,0.55
2020,2020-2021,ILI,0.94
2020,2020-2021,Broad Acute Respiratory,19.98
2020,2020-2021,Broad Acute Respiratory,12.55
2020,2020-2021,COVID-19,11.08
2020,2020-2021,COVID-19,5.82
2020,2020-2021,Influenza,0.04
2020,2020-2021,Influenza,0.06
2020,2020-2021,RSV,0.00
2020,2020-2021,RSV,0.01
2020,2020-2021,ILI,0.50
2020,2020-2021,ILI,0.78
2021,2020-2021,Broad Acute Respiratory,18.72
2021,2020-2021,Broad Acute Respiratory,12.09
2021,2020-2021,COVID-19,9.19
2021,2020-2021,COVID-19,5.21
2021,2020-2021,Influenza,0.09
2021,2020-2021,Influenza,0.05
2021,2020-2021,RSV,0.00
2021,2020-2021,RSV,0.00
2021,2020-2021,ILI,0.35
2021,2020-2021,ILI,0.74
2021,2020-2021,Broad Acute Respiratory,17.63
2021,2020-2021,Broad Acute Respiratory,11.29
2021,2020-2021,COVID-19,8.76
2021,2020-2021,COVID-19,4.68
2021,2020-2021,Influenza,0.04
2021,2020-2021,Influenza,0.04
2021,2020-2021,RSV,0.00
2021,2020-2021,RSV,0.01
2021,2020-2021,ILI,0.43
2021,2020-2021,ILI,0.78
2021,2020-2021,Broad Acute Respiratory,15.82
2021,2020-2021,Broad Acute Respiratory,10.08
2021,2020-2021,COVID-19,7.42
2021,2020-2021,COVID-19,4.22
2021,2020-2021,Influenza,0.07
2021,2020-2021,Influenza,0.04
2021,2020-2021,RSV,0.00
2021,2020-2021,RSV,0.00
2021,2020-2021,ILI,0.29
2021,2020-2021,ILI,0.67
2021,2020-2021,Broad Acute Respiratory,14.82
2021,2020-2021,Broad Acute Respiratory,9.53
2021,2020-2021,COVID-19,5.87
2021,2020-2021,COVID-19,3.33
2021,2020-2021,Influenza,0.07
2021,2020-2021,Influenza,0.06
2021,2020-2021,RSV,0.00
2021,2020-2021,RSV,0.00
2021,2020-2021,ILI,0.27
2021,2020-2021,ILI,0.55
2021,2020-2021,Broad Acute Respiratory,14.35
2021,2020-2021,Broad Acute Respiratory,8.48
2021,2020-2021,COVID-19,5.12
2021,2020-2021,COVID-19,2.78
2021,2020-2021,Influenza,0.00
2021,2020-2021,Influenza,0.01
2021,2020-2021,RSV,0.00
2021,2020-2021,RSV,0.01
2021,2020-2021,ILI,0.29
2021,2020-2021,ILI,0.69
2021,2020-2021,Broad Acute Respiratory,13.85
2021,2020-2021,Broad Acute Respiratory,8.31
2021,2020-2021,COVID-19,4.89
2021,2020-2021,COVID-19,2.54
2021,2020-2021,Influenza,0.00
2021,2020-2021,Influenza,0.01
2021,2020-2021,RSV,0.00
2021,2020-2021,RSV,0.00
2021,2020-2021,ILI,0.26
2021,2020-2021,ILI,0.39
2021,2020-2021,Broad Acute Respiratory,12.24
2021,2020-2021,Broad Acute Respiratory,7.35
2021,2020-2021,COVID-19,3.41
2021,2020-2021,COVID-19,1.90
2021,2020-2021,Influenza,0.02
2021,2020-2021,Influenza,0.03
2021,2020-2021,RSV,0.00
2021,2020-2021,RSV,0.00
2021,2020-2021,ILI,0.26
2021,2020-2021,ILI,0.43
2021,2020-2021,Broad Acute Respiratory,12.06
2021,2020-2021,Broad Acute Respiratory,6.81
2021,2020-2021,COVID-19,2.74
2021,2020-2021,COVID-19,1.52
2021,2020-2021,Influenza,0.02
2021,2020-2021,Influenza,0.04
2021,2020-2021,RSV,0.00
2021,2020-2021,RSV,0.00
2021,2020-2021,ILI,0.26
2021,2020-2021,ILI,0.46
2021,2020-2021,Broad Acute Respiratory,11.38
2021,2020-2021,Broad Acute Respiratory,7.27
2021,2020-2021,COVID-19,2.81
2021,2020-2021,COVID-19,1.53
2021,2020-2021,Influenza,0.02
2021,2020-2021,Influenza,0.02
2021,2020-2021,RSV,0.00
2021,2020-2021,RSV,0.00
2021,2020-2021,ILI,0.31
2021,2020-2021,ILI,0.44
2021,2020-2021,Broad Acute Respiratory,11.84
2021,2020-2021,Broad Acute Respiratory,7.27
2021,2020-2021,COVID-19,2.54
2021,2020-2021,COVID-19,1.51
2021,2020-2021,Influenza,0.00
2021,2020-2021,Influenza,0.01
2021,2020-2021,RSV,0.00
2021,2020-2021,RSV,0.00
2021,2020-2021,ILI,0.30
2021,2020-2021,ILI,0.57
2021,2020-2021,Broad Acute Respiratory,12.67
2021,2020-2021,Broad Acute Respiratory,8.53
2021,2020-2021,COVID-19,3.55
2021,2020-2021,COVID-19,2.07
2021,2020-2021,Influenza,0.00
2021,2020-2021,Influenza,0.02
2021,2020-2021,RSV,0.00
2021,2020-2021,RSV,0.00
2021,2020-2021,ILI,0.37
2021,2020-2021,ILI,0.64
2021,2020-2021,Broad Acute Respiratory,13.20
2021,2020-2021,Broad Acute Respiratory,8.78
2021,2020-2021,COVID-19,4.50
2021,2020-2021,COVID-19,2.56
2021,2020-2021,Influenza,0.05
2021,2020-2021,Influenza,0.03
2021,2020-2021,RSV,0.00
2021,2020-2021,RSV,0.00
2021,2020-2021,ILI,0.31
2021,2020-2021,ILI,0.58
2021,2020-2021,Broad Acute Respiratory,15.00
2021,2020-2021,Broad Acute Respiratory,9.89
2021,2020-2021,COVID-19,5.69
2021,2020-2021,COVID-19,3.49
2021,2020-2021,Influenza,0.05
2021,2020-2021,Influenza,0.03
2021,2020-2021,RSV,0.02
2021,2020-2021,RSV,0.01
2021,2020-2021,ILI,0.38
2021,2020-2021,ILI,0.77
2021,2020-2021,Broad Acute Respiratory,16.13
2021,2020-2021,Broad Acute Respiratory,11.21
2021,2020-2021,COVID-19,6.83
2021,2020-2021,COVID-19,4.03
2021,2020-2021,Influenza,0.02
2021,2020-2021,Influenza,0.03
2021,2020-2021,RSV,0.00
2021,2020-2021,RSV,0.01
2021,2020-2021,ILI,0.35
2021,2020-2021,ILI,0.84
2021,2020-2021,Broad Acute Respiratory,16.10
2021,2020-2021,Broad Acute Respiratory,10.92
2021,2020-2021,COVID-19,7.25
2021,2020-2021,COVID-19,4.12
2021,2020-2021,Influenza,0.00
2021,2020-2021,Influenza,0.02
2021,2020-2021,RSV,0.03
2021,2020-2021,RSV,0.02
2021,2020-2021,ILI,0.32
2021,2020-2021,ILI,0.83
2021,2020-2021,Broad Acute Respiratory,16.06
2021,2020-2021,Broad Acute Respiratory,11.17
2021,2020-2021,COVID-19,6.54
2021,2020-2021,COVID-19,4.01
2021,2020-2021,Influenza,0.02
2021,2020-2021,Influenza,0.03
2021,2020-2021,RSV,0.00
2021,2020-2021,RSV,0.00
2021,2020-2021,ILI,0.47
2021,2020-2021,ILI,1.02
2021,2020-2021,Broad Acute Respiratory,15.10
2021,2020-2021,Broad Acute Respiratory,10.73
2021,2020-2021,COVID-19,6.56
2021,2020-2021,COVID-19,3.96
2021,2020-2021,Influenza,0.03
2021,2020-2021,Influenza,0.01
2021,2020-2021,RSV,0.03
2021,2020-2021,RSV,0.02
2021,2020-2021,ILI,0.39
2021,2020-2021,ILI,0.88
2021,2020-2021,Broad Acute Respiratory,15.43
2021,2020-2021,Broad Acute Respiratory,10.35
2021,2020-2021,COVID-19,6.01
2021,2020-2021,COVID-19,3.50
2021,2020-2021,Influenza,0.03
2021,2020-2021,Influenza,0.02
2021,2020-2021,RSV,0.03
2021,2020-2021,RSV,0.02
2021,2020-2021,ILI,0.26
2021,2020-2021,ILI,0.75
2021,2020-2021,Broad Acute Respiratory,14.94
2021,2020-2021,Broad Acute Respiratory,10.53
2021,2020-2021,COVID-19,4.95
2021,2020-2021,COVID-19,2.86
2021,2020-2021,Influenza,0.02
2021,2020-2021,Influenza,0.01
2021,2020-2021,RSV,0.02
2021,2020-2021,RSV,0.01
2021,2020-2021,ILI,0.35
2021,2020-2021,ILI,0.83
2021,2020-2021,Broad Acute Respiratory,13.67
2021,2020-2021,Broad Acute Respiratory,9.45
2021,2020-2021,COVID-19,4.12
2021,2020-2021,COVID-19,2.24
2021,2020-2021,Influenza,0.02
2021,2020-2021,Influenza,0.03
2021,2020-2021,RSV,0.03
2021,2020-2021,RSV,0.03
2021,2020-2021,ILI,0.33
2021,2020-2021,ILI,0.82
2021,2020-2021,Broad Acute Respiratory,12.36
2021,2020-2021,Broad Acute Respiratory,8.47
2021,2020-2021,COVID-19,3.22
2021,2020-2021,COVID-19,1.67
2021,2020-2021,Influenza,0.03
2021,2020-2021,Influenza,0.00
2021,2020-2021,RSV,0.07
2021,2020-2021,RSV,0.03
2021,2020-2021,ILI,0.41
2021,2020-2021,ILI,0.80
2021,2020-2021,Broad Acute Respiratory,11.61
2021,2020-2021,Broad Acute Respiratory,8.05
2021,2020-2021,COVID-19,2.06
2021,2020-2021,COVID-19,1.06
2021,2020-2021,Influenza,0.00
2021,2020-2021,Influenza,0.02
2021,2020-2021,RSV,0.05
2021,2020-2021,RSV,0.05
2021,2020-2021,ILI,0.21
2021,2020-2021,ILI,0.64
2021,2020-2021,Broad Acute Respiratory,11.21
2021,2020-2021,Broad Acute Respiratory,8.22
2021,2020-2021,COVID-19,1.87
2021,2020-2021,COVID-19,0.82
2021,2020-2021,Influenza,0.00
2021,2020-2021,Influenza,0.01
2021,2020-2021,RSV,0.03
2021,2020-2021,RSV,0.04
2021,2020-2021,ILI,0.21
2021,2020-2021,ILI,0.61
2021,2020-2021,Broad Acute Respiratory,9.59
2021,2020-2021,Broad Acute Respiratory,7.89
2021,2020-2021,COVID-19,0.65
2021,2020-2021,COVID-19,0.35
2021,2020-2021,Influenza,0.03
2021,2020-2021,Influenza,0.02
2021,2020-2021,RSV,0.08
2021,2020-2021,RSV,0.03
2021,2020-2021,ILI,0.12
2021,2020-2021,ILI,0.61
2021,2020-2021,Broad Acute Respiratory,10.11
2021,2020-2021,Broad Acute Respiratory,8.01
2021,2020-2021,COVID-19,0.59
2021,2020-2021,COVID-19,0.25
2021,2020-2021,Influenza,0.03
2021,2020-2021,Influenza,0.02
2021,2020-2021,RSV,0.12
2021,2020-2021,RSV,0.06
2021,2020-2021,ILI,0.20
2021,2020-2021,ILI,0.71
2021,2020-2021,Broad Acute Respiratory,10.81
2021,2020-2021,Broad Acute Respiratory,8.23
2021,2020-2021,COVID-19,0.52
2021,2020-2021,COVID-19,0.33
2021,2020-2021,Influenza,0.03
2021,2020-2021,Influenza,0.02
2021,2020-2021,RSV,0.10
2021,2020-2021,RSV,0.05
2021,2020-2021,ILI,0.12
2021,2020-2021,ILI,0.78
2021,2020-2021,Broad Acute Respiratory,11.36
2021,2020-2021,Broad Acute Respiratory,8.48
2021,2020-2021,COVID-19,0.67
2021,2020-2021,COVID-19,0.31
2021,2020-2021,Influenza,0.03
2021,2020-2021,Influenza,0.03
2021,2020-2021,RSV,0.08
2021,2020-2021,RSV,0.08
2021,2020-2021,ILI,0.20
2021,2020-2021,ILI,0.82
2021,2020-2021,Broad Acute Respiratory,11.51
2021,2020-2021,Broad Acute Respiratory,9.13
2021,2020-2021,COVID-19,0.90
2021,2020-2021,COVID-19,0.61
2021,2020-2021,Influenza,0.10
2021,2020-2021,Influenza,0.03
2021,2020-2021,RSV,0.12
2021,2020-2021,RSV,0.13
2021,2020-2021,ILI,0.30
2021,2020-2021,ILI,0.95
2021,2020-2021,Broad Acute Respiratory,11.12
2021,2020-2021,Broad Acute Respiratory,9.33
2021,2020-2021,COVID-19,1.46
2021,2020-2021,COVID-19,1.00
2021,2020-2021,Influenza,0.00
2021,2020-2021,Influenza,0.02
2021,2020-2021,RSV,0.22
2021,2020-2021,RSV,0.12
2021,2020-2021,ILI,0.17
2021,2020-2021,ILI,0.93
2021,2020-2021,Broad Acute Respiratory,12.04
2021,2020-2021,Broad Acute Respiratory,9.91
2021,2020-2021,COVID-19,2.21
2021,2020-2021,COVID-19,1.51
2021,2020-2021,Influenza,0.08
2021,2020-2021,Influenza,0.03
2021,2020-2021,RSV,0.20
2021,2020-2021,RSV,0.16
2021,2020-2021,ILI,0.39
2021,2020-2021,ILI,0.93
2021,2020-2021,Broad Acute Respiratory,13.21
2021,2020-2021,Broad Acute Respiratory,10.70
2021,2020-2021,COVID-19,3.13
2021,2020-2021,COVID-19,2.06
2021,2020-2021,Influenza,0.00
2021,2020-2021,Influenza,0.01
2021,2020-2021,RSV,0.22
2021,2020-2021,RSV,0.17
2021,2020-2021,ILI,0.38
2021,2020-2021,ILI,0.98
2021,2020-2021,Broad Acute Respiratory,13.82
2021,2020-2021,Broad Acute Respiratory,10.65
2021,2020-2021,COVID-19,4.23
2021,2020-2021,COVID-19,2.62
2021,2020-2021,Influenza,0.00
2021,2020-2021,Influenza,0.02
2021,2020-2021,RSV,0.46
2021,2020-2021,RSV,0.30
2021,2020-2021,ILI,0.47
2021,2020-2021,ILI,1.06
2021,2020-2021,Broad Acute Respiratory,13.12
2021,2020-2021,Broad Acute Respiratory,11.03
2021,2020-2021,COVID-19,3.56
2021,2020-2021,COVID-19,2.65
2021,2020-2021,Influenza,0.03
2021,2020-2021,Influenza,0.01
2021,2020-2021,RSV,0.10
2021,2020-2021,RSV,0.25
2021,2020-2021,ILI,0.21
2021,2020-2021,ILI,0.94
2021,2020-2021,Broad Acute Respiratory,13.96
2021,2020-2021,Broad Acute Respiratory,11.45
2021,2020-2021,COVID-19,4.56
2021,2020-2021,COVID-19,3.13
2021,2020-2021,Influenza,0.05
2021,2020-2021,Influenza,0.02
2021,2020-2021,RSV,0.22
2021,2020-2021,RSV,0.30
2021,2020-2021,ILI,0.39
2021,2020-2021,ILI,1.12
2021,2020-2021,Broad Acute Respiratory,13.24
2021,2020-2021,Broad Acute Respiratory,11.41
2021,2020-2021,COVID-19,4.48
2021,2020-2021,COVID-19,2.89
2021,2020-2021,Influenza,0.02
2021,2020-2021,Influenza,0.02
2021,2020-2021,RSV,0.32
2021,2020-2021,RSV,0.33
2021,2020-2021,ILI,0.43
2021,2020-2021,ILI,1.27
2021,2020-2021,Broad Acute Respiratory,13.30
2021,2020-2021,Broad Acute Respiratory,12.54
2021,2020-2021,COVID-19,4.22
2021,2020-2021,COVID-19,2.73
2021,2020-2021,Influenza,0.00
2021,2020-2021,Influenza,0.05
2021,2020-2021,RSV,0.30
2021,2020-2021,RSV,0.35
2021,2020-2021,ILI,0.26
2021,2020-2021,ILI,1.41
2021,2020-2021,Broad Acute Respiratory,13.65
2021,2020-2021,Broad Acute Respiratory,11.95
2021,2020-2021,COVID-19,3.90
2021,2020-2021,COVID-19,2.20
2021,2020-2021,Influenza,0.03
2021,2020-2021,Influenza,0.03
2021,2020-2021,RSV,0.24
2021,2020-2021,RSV,0.27
2021,2020-2021,ILI,0.37
2021,2020-2021,ILI,1.20
2021,2020-2021,Broad Acute Respiratory,13.77
2021,2020-2021,Broad Acute Respiratory,11.77
2021,2020-2021,COVID-19,3.47
2021,2020-2021,COVID-19,1.79
2021,2020-2021,Influenza,0.03
2021,2020-2021,Influenza,0.03
2021,2020-2021,RSV,0.31
2021,2020-2021,RSV,0.37
2021,2020-2021,ILI,0.40
2021,2020-2021,ILI,1.11
2021,2020-2021,Broad Acute Respiratory,12.32
2021,2020-2021,Broad Acute Respiratory,11.44
2021,2020-2021,COVID-19,3.22
2021,2020-2021,COVID-19,1.85
2021,2020-2021,Influenza,0.03
2021,2020-2021,Influenza,0.02
2021,2020-2021,RSV,0.27
2021,2020-2021,RSV,0.29
2021,2020-2021,ILI,0.46
2021,2020-2021,ILI,1.17
2021,2021-2022,Broad Acute Respiratory,12.46
2021,2021-2022,Broad Acute Respiratory,10.57
2021,2021-2022,COVID-19,2.82
2021,2021-2022,COVID-19,1.78
2021,2021-2022,Influenza,0.00
2021,2021-2022,Influenza,0.02
2021,2021-2022,RSV,0.16
2021,2021-2022,RSV,0.17
2021,2021-2022,ILI,0.26
2021,2021-2022,ILI,1.02
2021,2021-2022,Broad Acute Respiratory,12.86
2021,2021-2022,Broad Acute Respiratory,10.42
2021,2021-2022,COVID-19,2.71
2021,2021-2022,COVID-19,1.68
2021,2021-2022,Influenza,0.00
2021,2021-2022,Influenza,0.01
2021,2021-2022,RSV,0.19
2021,2021-2022,RSV,0.25
2021,2021-2022,ILI,0.37
2021,2021-2022,ILI,0.96
2021,2021-2022,Broad Acute Respiratory,12.62
2021,2021-2022,Broad Acute Respiratory,10.36
2021,2021-2022,COVID-19,2.35
2021,2021-2022,COVID-19,1.31
2021,2021-2022,Influenza,0.02
2021,2021-2022,Influenza,0.02
2021,2021-2022,RSV,0.19
2021,2021-2022,RSV,0.20
2021,2021-2022,ILI,0.36
2021,2021-2022,ILI,1.01
2021,2021-2022,Broad Acute Respiratory,13.32
2021,2021-2022,Broad Acute Respiratory,11.34
2021,2021-2022,COVID-19,2.59
2021,2021-2022,COVID-19,1.58
2021,2021-2022,Influenza,0.07
2021,2021-2022,Influenza,0.03
2021,2021-2022,RSV,0.16
2021,2021-2022,RSV,0.20
2021,2021-2022,ILI,0.35
2021,2021-2022,ILI,1.24
2021,2021-2022,Broad Acute Respiratory,13.85
2021,2021-2022,Broad Acute Respiratory,11.33
2021,2021-2022,COVID-19,2.88
2021,2021-2022,COVID-19,1.73
2021,2021-2022,Influenza,0.03
2021,2021-2022,Influenza,0.05
2021,2021-2022,RSV,0.16
2021,2021-2022,RSV,0.17
2021,2021-2022,ILI,0.28
2021,2021-2022,ILI,1.01
2021,2021-2022,Broad Acute Respiratory,13.86
2021,2021-2022,Broad Acute Respiratory,11.99
2021,2021-2022,COVID-19,3.08
2021,2021-2022,COVID-19,2.20
2021,2021-2022,Influenza,0.04
2021,2021-2022,Influenza,0.07
2021,2021-2022,RSV,0.19
2021,2021-2022,RSV,0.20
2021,2021-2022,ILI,0.30
2021,2021-2022,ILI,1.13
2021,2021-2022,Broad Acute Respiratory,15.48
2021,2021-2022,Broad Acute Respiratory,12.71
2021,2021-2022,COVID-19,4.56
2021,2021-2022,COVID-19,2.60
2021,2021-2022,Influenza,0.09
2021,2021-2022,Influenza,0.12
2021,2021-2022,RSV,0.32
2021,2021-2022,RSV,0.23
2021,2021-2022,ILI,0.44
2021,2021-2022,ILI,1.12
2021,2021-2022,Broad Acute Respiratory,15.90
2021,2021-2022,Broad Acute Respiratory,13.23
2021,2021-2022,COVID-19,5.33
2021,2021-2022,COVID-19,3.48
2021,2021-2022,Influenza,0.07
2021,2021-2022,Influenza,0.18
2021,2021-2022,RSV,0.16
2021,2021-2022,RSV,0.24
2021,2021-2022,ILI,0.46
2021,2021-2022,ILI,1.29
2021,2021-2022,Broad Acute Respiratory,17.01
2021,2021-2022,Broad Acute Respiratory,14.06
2021,2021-2022,COVID-19,6.89
2021,2021-2022,COVID-19,4.34
2021,2021-2022,Influenza,0.10
2021,2021-2022,Influenza,0.26
2021,2021-2022,RSV,0.21
2021,2021-2022,RSV,0.24
2021,2021-2022,ILI,0.40
2021,2021-2022,ILI,1.33
2021,2021-2022,Broad Acute Respiratory,18.31
2021,2021-2022,Broad Acute Respiratory,14.73
2021,2021-2022,COVID-19,8.03
2021,2021-2022,COVID-19,5.07
2021,2021-2022,Influenza,0.15
2021,2021-2022,Influenza,0.38
2021,2021-2022,RSV,0.22
2021,2021-2022,RSV,0.19
2021,2021-2022,ILI,0.50
2021,2021-2022,ILI,1.65
2021,2021-2022,Broad Acute Respiratory,19.90
2021,2021-2022,Broad Acute Respiratory,17.97
2021,2021-2022,COVID-19,10.52
2021,2021-2022,COVID-19,8.15
2021,2021-2022,Influenza,0.19
2021,2021-2022,Influenza,0.50
2021,2021-2022,RSV,0.38
2021,2021-2022,RSV,0.21
2021,2021-2022,ILI,0.62
2021,2021-2022,ILI,2.00
2021,2021-2022,Broad Acute Respiratory,28.06
2021,2021-2022,Broad Acute Respiratory,27.01
2021,2021-2022,COVID-19,18.73
2021,2021-2022,COVID-19,16.68
2021,2021-2022,Influenza,0.21
2021,2021-2022,Influenza,0.43
2021,2021-2022,RSV,0.10
2021,2021-2022,RSV,0.16
2021,2021-2022,ILI,0.99
2021,2021-2022,ILI,3.33
2021,2021-2022,Broad Acute Respiratory,35.02
2021,2021-2022,Broad Acute Respiratory,27.48
2021,2021-2022,COVID-19,26.43
2021,2021-2022,COVID-19,18.20
2021,2021-2022,Influenza,0.13
2021,2021-2022,Influenza,0.29
2021,2021-2022,RSV,0.15
2021,2021-2022,RSV,0.11
2021,2021-2022,ILI,0.88
2021,2021-2022,ILI,2.86
2022,2021-2022,Broad Acute Respiratory,33.95
2022,2021-2022,Broad Acute Respiratory,24.17
2022,2021-2022,COVID-19,25.93
2022,2021-2022,COVID-19,16.29
2022,2021-2022,Influenza,0.12
2022,2021-2022,Influenza,0.19
2022,2021-2022,RSV,0.14
2022,2021-2022,RSV,0.09
2022,2021-2022,ILI,0.74
2022,2021-2022,ILI,1.95
2022,2021-2022,Broad Acute Respiratory,27.08
2022,2021-2022,Broad Acute Respiratory,16.81
2022,2021-2022,COVID-19,19.50
2022,2021-2022,COVID-19,10.65
2022,2021-2022,Influenza,0.12
2022,2021-2022,Influenza,0.14
2022,2021-2022,RSV,0.05
2022,2021-2022,RSV,0.05
2022,2021-2022,ILI,0.58
2022,2021-2022,ILI,1.14
2022,2021-2022,Broad Acute Respiratory,22.00
2022,2021-2022,Broad Acute Respiratory,13.76
2022,2021-2022,COVID-19,12.30
2022,2021-2022,COVID-19,6.78
2022,2021-2022,Influenza,0.09
2022,2021-2022,Influenza,0.07
2022,2021-2022,RSV,0.07
2022,2021-2022,RSV,0.04
2022,2021-2022,ILI,0.33
2022,2021-2022,ILI,0.74
2022,2021-2022,Broad Acute Respiratory,16.77
2022,2021-2022,Broad Acute Respiratory,10.42
2022,2021-2022,COVID-19,7.05
2022,2021-2022,COVID-19,3.74
2022,2021-2022,Influenza,0.04
2022,2021-2022,Influenza,0.05
2022,2021-2022,RSV,0.04
2022,2021-2022,RSV,0.05
2022,2021-2022,ILI,0.17
2022,2021-2022,ILI,0.61
2022,2021-2022,Broad Acute Respiratory,13.61
2022,2021-2022,Broad Acute Respiratory,8.39
2022,2021-2022,COVID-19,4.44
2022,2021-2022,COVID-19,2.12
2022,2021-2022,Influenza,0.00
2022,2021-2022,Influenza,0.07
2022,2021-2022,RSV,0.02
2022,2021-2022,RSV,0.02
2022,2021-2022,ILI,0.13
2022,2021-2022,ILI,0.36
2022,2021-2022,Broad Acute Respiratory,12.18
2022,2021-2022,Broad Acute Respiratory,7.58
2022,2021-2022,COVID-19,2.87
2022,2021-2022,COVID-19,1.52
2022,2021-2022,Influenza,0.00
2022,2021-2022,Influenza,0.03
2022,2021-2022,RSV,0.02
2022,2021-2022,RSV,0.06
2022,2021-2022,ILI,0.23
2022,2021-2022,ILI,0.53
2022,2021-2022,Broad Acute Respiratory,11.39
2022,2021-2022,Broad Acute Respiratory,7.59
2022,2021-2022,COVID-19,2.40
2022,2021-2022,COVID-19,1.10
2022,2021-2022,Influenza,0.04
2022,2021-2022,Influenza,0.09
2022,2021-2022,RSV,0.05
2022,2021-2022,RSV,0.03
2022,2021-2022,ILI,0.18
2022,2021-2022,ILI,0.58
2022,2021-2022,Broad Acute Respiratory,11.00
2022,2021-2022,Broad Acute Respiratory,7.64
2022,2021-2022,COVID-19,1.82
2022,2021-2022,COVID-19,0.74
2022,2021-2022,Influenza,0.04
2022,2021-2022,Influenza,0.09
2022,2021-2022,RSV,0.05
2022,2021-2022,RSV,0.04
2022,2021-2022,ILI,0.13
2022,2021-2022,ILI,0.50
2022,2021-2022,Broad Acute Respiratory,10.74
2022,2021-2022,Broad Acute Respiratory,7.76
2022,2021-2022,COVID-19,1.05
2022,2021-2022,COVID-19,0.47
2022,2021-2022,Influenza,0.07
2022,2021-2022,Influenza,0.16
2022,2021-2022,RSV,0.05
2022,2021-2022,RSV,0.04
2022,2021-2022,ILI,0.23
2022,2021-2022,ILI,0.53
2022,2021-2022,Broad Acute Respiratory,10.86
2022,2021-2022,Broad Acute Respiratory,9.01
2022,2021-2022,COVID-19,1.15
2022,2021-2022,COVID-19,0.51
2022,2021-2022,Influenza,0.04
2022,2021-2022,Influenza,0.28
2022,2021-2022,RSV,0.05
2022,2021-2022,RSV,0.03
2022,2021-2022,ILI,0.23
2022,2021-2022,ILI,0.80
2022,2021-2022,Broad Acute Respiratory,11.52
2022,2021-2022,Broad Acute Respiratory,9.21
2022,2021-2022,COVID-19,1.01
2022,2021-2022,COVID-19,0.45
2022,2021-2022,Influenza,0.14
2022,2021-2022,Influenza,0.36
2022,2021-2022,RSV,0.12
2022,2021-2022,RSV,0.07
2022,2021-2022,ILI,0.10
2022,2021-2022,ILI,0.88
2022,2021-2022,Broad Acute Respiratory,11.17
2022,2021-2022,Broad Acute Respiratory,9.65
2022,2021-2022,COVID-19,0.94
2022,2021-2022,COVID-19,0.39
2022,2021-2022,Influenza,0.26
2022,2021-2022,Influenza,0.66
2022,2021-2022,RSV,0.02
2022,2021-2022,RSV,0.02
2022,2021-2022,ILI,0.26
2022,2021-2022,ILI,1.21
2022,2021-2022,Broad Acute Respiratory,10.79
2022,2021-2022,Broad Acute Respiratory,10.74
2022,2021-2022,COVID-19,0.81
2022,2021-2022,COVID-19,0.53
2022,2021-2022,Influenza,0.37
2022,2021-2022,Influenza,0.91
2022,2021-2022,RSV,0.00
2022,2021-2022,RSV,0.04
2022,2021-2022,ILI,0.12
2022,2021-2022,ILI,1.20
2022,2021-2022,Broad Acute Respiratory,11.74
2022,2021-2022,Broad Acute Respiratory,11.15
2022,2021-2022,COVID-19,0.90
2022,2021-2022,COVID-19,0.65
2022,2021-2022,Influenza,0.49
2022,2021-2022,Influenza,1.09
2022,2021-2022,RSV,0.05
2022,2021-2022,RSV,0.04
2022,2021-2022,ILI,0.29
2022,2021-2022,ILI,1.46
2022,2021-2022,Broad Acute Respiratory,12.44
2022,2021-2022,Broad Acute Respiratory,11.62
2022,2021-2022,COVID-19,1.18
2022,2021-2022,COVID-19,0.84
2022,2021-2022,Influenza,0.49
2022,2021-2022,Influenza,1.10
2022,2021-2022,RSV,0.04
2022,2021-2022,RSV,0.03
2022,2021-2022,ILI,0.24
2022,2021-2022,ILI,1.47
2022,2021-2022,Broad Acute Respiratory,12.42
2022,2021-2022,Broad Acute Respiratory,12.21
2022,2021-2022,COVID-19,1.37
2022,2021-2022,COVID-19,1.12
2022,2021-2022,Influenza,0.52
2022,2021-2022,Influenza,1.25
2022,2021-2022,RSV,0.00
2022,2021-2022,RSV,0.05
2022,2021-2022,ILI,0.37
2022,2021-2022,ILI,1.52
2022,2021-2022,Broad Acute Respiratory,12.82
2022,2021-2022,Broad Acute Respiratory,11.79
2022,2021-2022,COVID-19,1.60
2022,2021-2022,COVID-19,1.27
2022,2021-2022,Influenza,0.58
2022,2021-2022,Influenza,1.23
2022,2021-2022,RSV,0.05
2022,2021-2022,RSV,0.05
2022,2021-2022,ILI,0.23
2022,2021-2022,ILI,1.54
2022,2021-2022,Broad Acute Respiratory,12.53
2022,2021-2022,Broad Acute Respiratory,12.59
2022,2021-2022,COVID-19,1.77
2022,2021-2022,COVID-19,1.64
2022,2021-2022,Influenza,0.53
2022,2021-2022,Influenza,1.39
2022,2021-2022,RSV,0.04
2022,2021-2022,RSV,0.02
2022,2021-2022,ILI,0.35
2022,2021-2022,ILI,1.80
2022,2021-2022,Broad Acute Respiratory,13.61
2022,2021-2022,Broad Acute Respiratory,12.50
2022,2021-2022,COVID-19,2.60
2022,2021-2022,COVID-19,2.27
2022,2021-2022,Influenza,0.55
2022,2021-2022,Influenza,1.19
2022,2021-2022,RSV,0.05
2022,2021-2022,RSV,0.05
2022,2021-2022,ILI,0.50
2022,2021-2022,ILI,1.66
2022,2021-2022,Broad Acute Respiratory,12.89
2022,2021-2022,Broad Acute Respiratory,11.12
2022,2021-2022,COVID-19,2.92
2022,2021-2022,COVID-19,1.95
2022,2021-2022,Influenza,0.40
2022,2021-2022,Influenza,0.67
2022,2021-2022,RSV,0.02
2022,2021-2022,RSV,0.02
2022,2021-2022,ILI,0.19
2022,2021-2022,ILI,1.34
2022,2021-2022,Broad Acute Respiratory,12.14
2022,2021-2022,Broad Acute Respiratory,11.24
2022,2021-2022,COVID-19,2.61
2022,2021-2022,COVID-19,2.18
2022,2021-2022,Influenza,0.21
2022,2021-2022,Influenza,0.43
2022,2021-2022,RSV,0.05
2022,2021-2022,RSV,0.08
2022,2021-2022,ILI,0.23
2022,2021-2022,ILI,1.18
2022,2021-2022,Broad Acute Respiratory,13.56
2022,2021-2022,Broad Acute Respiratory,11.55
2022,2021-2022,COVID-19,3.34
2022,2021-2022,COVID-19,2.61
2022,2021-2022,Influenza,0.06
2022,2021-2022,Influenza,0.27
2022,2021-2022,RSV,0.09
2022,2021-2022,RSV,0.08
2022,2021-2022,ILI,0.24
2022,2021-2022,ILI,1.33
2022,2021-2022,Broad Acute Respiratory,12.90
2022,2021-2022,Broad Acute Respiratory,11.16
2022,2021-2022,COVID-19,2.61
2022,2021-2022,COVID-19,2.33
2022,2021-2022,Influenza,0.09
2022,2021-2022,Influenza,0.20
2022,2021-2022,RSV,0.05
2022,2021-2022,RSV,0.06
2022,2021-2022,ILI,0.23
2022,2021-2022,ILI,1.25
2022,2021-2022,Broad Acute Respiratory,12.56
2022,2021-2022,Broad Acute Respiratory,10.42
2022,2021-2022,COVID-19,3.03
2022,2021-2022,COVID-19,2.25
2022,2021-2022,Influenza,0.10
2022,2021-2022,Influenza,0.16
2022,2021-2022,RSV,0.07
2022,2021-2022,RSV,0.02
2022,2021-2022,ILI,0.22
2022,2021-2022,ILI,1.06
2022,2021-2022,Broad Acute Respiratory,12.84
2022,2021-2022,Broad Acute Respiratory,10.49
2022,2021-2022,COVID-19,3.35
2022,2021-2022,COVID-19,2.57
2022,2021-2022,Influenza,0.07
2022,2021-2022,Influenza,0.11
2022,2021-2022,RSV,0.02
2022,2021-2022,RSV,0.03
2022,2021-2022,ILI,0.28
2022,2021-2022,ILI,1.01
2022,2021-2022,Broad Acute Respiratory,12.50
2022,2021-2022,Broad Acute Respiratory,10.40
2022,2021-2022,COVID-19,3.22
2022,2021-2022,COVID-19,2.71
2022,2021-2022,Influenza,0.00
2022,2021-2022,Influenza,0.08
2022,2021-2022,RSV,0.05
2022,2021-2022,RSV,0.05
2022,2021-2022,ILI,0.26
2022,2021-2022,ILI,0.98
2022,2021-2022,Broad Acute Respiratory,12.60
2022,2021-2022,Broad Acute Respiratory,9.82
2022,2021-2022,COVID-19,3.52
2022,2021-2022,COVID-19,3.08
2022,2021-2022,Influenza,0.02
2022,2021-2022,Influenza,0.06
2022,2021-2022,RSV,0.07
2022,2021-2022,RSV,0.06
2022,2021-2022,ILI,0.39
2022,2021-2022,ILI,0.99
2022,2021-2022,Broad Acute Respiratory,13.12
2022,2021-2022,Broad Acute Respiratory,10.10
2022,2021-2022,COVID-19,3.78
2022,2021-2022,COVID-19,3.27
2022,2021-2022,Influenza,0.03
2022,2021-2022,Influenza,0.04
2022,2021-2022,RSV,0.03
2022,2021-2022,RSV,0.05
2022,2021-2022,ILI,0.15
2022,2021-2022,ILI,0.89
2022,2021-2022,Broad Acute Respiratory,13.56
2022,2021-2022,Broad Acute Respiratory,10.29
2022,2021-2022,COVID-19,3.86
2022,2021-2022,COVID-19,3.49
2022,2021-2022,Influenza,0.03
2022,2021-2022,Influenza,0.05
2022,2021-2022,RSV,0.03
2022,2021-2022,RSV,0.04
2022,2021-2022,ILI,0.26
2022,2021-2022,ILI,0.94
2022,2021-2022,Broad Acute Respiratory,13.02
2022,2021-2022,Broad Acute Respiratory,9.61
2022,2021-2022,COVID-19,4.01
2022,2021-2022,COVID-19,3.29
2022,2021-2022,Influenza,0.04
2022,2021-2022,Influenza,0.04
2022,2021-2022,RSV,0.05
2022,2021-2022,RSV,0.06
2022,2021-2022,ILI,0.25
2022,2021-2022,ILI,0.87
2022,2021-2022,Broad Acute Respiratory,13.10
2022,2021-2022,Broad Acute Respiratory,9.92
2022,2021-2022,COVID-19,3.94
2022,2021-2022,COVID-19,3.24
2022,2021-2022,Influenza,0.03
2022,2021-2022,Influenza,0.05
2022,2021-2022,RSV,0.07
2022,2021-2022,RSV,0.08
2022,2021-2022,ILI,0.17
2022,2021-2022,ILI,0.88
2022,2021-2022,Broad Acute Respiratory,12.73
2022,2021-2022,Broad Acute Respiratory,9.81
2022,2021-2022,COVID-19,4.11
2022,2021-2022,COVID-19,3.26
2022,2021-2022,Influenza,0.04
2022,2021-2022,Influenza,0.02
2022,2021-2022,RSV,0.04
2022,2021-2022,RSV,0.12
2022,2021-2022,ILI,0.23
2022,2021-2022,ILI,0.87
2022,2021-2022,Broad Acute Respiratory,13.32
2022,2021-2022,Broad Acute Respiratory,9.91
2022,2021-2022,COVID-19,3.46
2022,2021-2022,COVID-19,2.71
2022,2021-2022,Influenza,0.02
2022,2021-2022,Influenza,0.02
2022,2021-2022,RSV,0.14
2022,2021-2022,RSV,0.16
2022,2021-2022,ILI,0.20
2022,2021-2022,ILI,0.71
2022,2021-2022,Broad Acute Respiratory,12.36
2022,2021-2022,Broad Acute Respiratory,9.91
2022,2021-2022,COVID-19,3.22
2022,2021-2022,COVID-19,2.48
2022,2021-2022,Influenza,0.08
2022,2021-2022,Influenza,0.08
2022,2021-2022,RSV,0.14
2022,2021-2022,RSV,0.12
2022,2021-2022,ILI,0.22
2022,2021-2022,ILI,0.92
2022,2021-2022,Broad Acute Respiratory,13.98
2022,2021-2022,Broad Acute Respiratory,11.19
2022,2021-2022,COVID-19,3.60
2022,2021-2022,COVID-19,2.50
2022,2021-2022,Influenza,0.09
2022,2021-2022,Influenza,0.09
2022,2021-2022,RSV,0.28
2022,2021-2022,RSV,0.17
2022,2021-2022,ILI,0.33
2022,2021-2022,ILI,1.32
2022,2021-2022,Broad Acute Respiratory,13.69
2022,2021-2022,Broad Acute Respiratory,11.73
2022,2021-2022,COVID-19,3.03
2022,2021-2022,COVID-19,2.06
2022,2021-2022,Influenza,0.02
2022,2021-2022,Influenza,0.06
2022,2021-2022,RSV,0.19
2022,2021-2022,RSV,0.23
2022,2021-2022,ILI,0.42
2022,2021-2022,ILI,1.35
2022,2021-2022,Broad Acute Respiratory,12.58
2022,2021-2022,Broad Acute Respiratory,11.14
2022,2021-2022,COVID-19,2.24
2022,2021-2022,COVID-19,1.72
2022,2021-2022,Influenza,0.11
2022,2021-2022,Influenza,0.09
2022,2021-2022,RSV,0.39
2022,2021-2022,RSV,0.30
2022,2021-2022,ILI,0.33
2022,2021-2022,ILI,1.07
2022,2021-2022,Broad Acute Respiratory,12.81
2022,2021-2022,Broad Acute Respiratory,11.51
2022,2021-2022,COVID-19,2.38
2022,2021-2022,COVID-19,1.43
2022,2021-2022,Influenza,0.12
2022,2021-2022,Influenza,0.11
2022,2021-2022,RSV,0.43
2022,2021-2022,RSV,0.46
2022,2021-2022,ILI,0.21
2022,2021-2022,ILI,1.29
2022,2021-2022,Broad Acute Respiratory,12.41
2022,2021-2022,Broad Acute Respiratory,11.75
2022,2021-2022,COVID-19,1.87
2022,2021-2022,COVID-19,1.29
2022,2021-2022,Influenza,0.05
2022,2021-2022,Influenza,0.13
2022,2021-2022,RSV,0.51
2022,2021-2022,RSV,0.60
2022,2021-2022,ILI,0.21
2022,2021-2022,ILI,1.16
2022,2022-2023,Broad Acute Respiratory,13.53
2022,2022-2023,Broad Acute Respiratory,13.34
2022,2022-2023,COVID-19,1.92
2022,2022-2023,COVID-19,1.21
2022,2022-2023,Influenza,0.10
2022,2022-2023,Influenza,0.19
2022,2022-2023,RSV,0.62
2022,2022-2023,RSV,0.82
2022,2022-2023,ILI,0.45
2022,2022-2023,ILI,1.76
2022,2022-2023,Broad Acute Respiratory,14.89
2022,2022-2023,Broad Acute Respiratory,13.95
2022,2022-2023,COVID-19,2.27
2022,2022-2023,COVID-19,1.41
2022,2022-2023,Influenza,0.05
2022,2022-2023,Influenza,0.26
2022,2022-2023,RSV,1.21
2022,2022-2023,RSV,1.14
2022,2022-2023,ILI,0.52
2022,2022-2023,ILI,1.96
2022,2022-2023,Broad Acute Respiratory,15.10
2022,2022-2023,Broad Acute Respiratory,14.79
2022,2022-2023,COVID-19,2.55
2022,2022-2023,COVID-19,1.65
2022,2022-2023,Influenza,0.22
2022,2022-2023,Influenza,0.40
2022,2022-2023,RSV,1.27
2022,2022-2023,RSV,1.34
2022,2022-2023,ILI,0.63
2022,2022-2023,ILI,2.06
2022,2022-2023,Broad Acute Respiratory,14.50
2022,2022-2023,Broad Acute Respiratory,15.59
2022,2022-2023,COVID-19,2.86
2022,2022-2023,COVID-19,1.77
2022,2022-2023,Influenza,0.27
2022,2022-2023,Influenza,0.81
2022,2022-2023,RSV,0.94
2022,2022-2023,RSV,1.31
2022,2022-2023,ILI,0.63
2022,2022-2023,ILI,2.27
2022,2022-2023,Broad Acute Respiratory,15.80
2022,2022-2023,Broad Acute Respiratory,16.95
2022,2022-2023,COVID-19,2.96
2022,2022-2023,COVID-19,2.04
2022,2022-2023,Influenza,0.62
2022,2022-2023,Influenza,1.68
2022,2022-2023,RSV,1.28
2022,2022-2023,RSV,1.28
2022,2022-2023,ILI,0.77
2022,2022-2023,ILI,3.00
2022,2022-2023,Broad Acute Respiratory,15.64
2022,2022-2023,Broad Acute Respiratory,18.59
2022,2022-2023,COVID-19,3.31
2022,2022-2023,COVID-19,1.99
2022,2022-2023,Influenza,0.89
2022,2022-2023,Influenza,2.85
2022,2022-2023,RSV,1.15
2022,2022-2023,RSV,1.21
2022,2022-2023,ILI,0.75
2022,2022-2023,ILI,3.55
2022,2022-2023,Broad Acute Respiratory,16.79
2022,2022-2023,Broad Acute Respiratory,20.70
2022,2022-2023,COVID-19,3.38
2022,2022-2023,COVID-19,2.02
2022,2022-2023,Influenza,1.73
2022,2022-2023,Influenza,5.08
2022,2022-2023,RSV,0.76
2022,2022-2023,RSV,0.73
2022,2022-2023,ILI,1.00
2022,2022-2023,ILI,4.26
2022,2022-2023,Broad Acute Respiratory,19.82
2022,2022-2023,Broad Acute Respiratory,25.04
2022,2022-2023,COVID-19,3.73
2022,2022-2023,COVID-19,2.42
2022,2022-2023,Influenza,3.73
2022,2022-2023,Influenza,8.75
2022,2022-2023,RSV,0.59
2022,2022-2023,RSV,0.59
2022,2022-2023,ILI,1.49
2022,2022-2023,ILI,5.48
2022,2022-2023,Broad Acute Respiratory,20.56
2022,2022-2023,Broad Acute Respiratory,22.70
2022,2022-2023,COVID-19,3.91
2022,2022-2023,COVID-19,2.67
2022,2022-2023,Influenza,3.73
2022,2022-2023,Influenza,7.31
2022,2022-2023,RSV,0.55
2022,2022-2023,RSV,0.44
2022,2022-2023,ILI,1.34
2022,2022-2023,ILI,5.08
2022,2022-2023,Broad Acute Respiratory,20.17
2022,2022-2023,Broad Acute Respiratory,21.66
2022,2022-2023,COVID-19,3.96
2022,2022-2023,COVID-19,2.77
2022,2022-2023,Influenza,3.53
2022,2022-2023,Influenza,6.27
2022,2022-2023,RSV,0.25
2022,2022-2023,RSV,0.31
2022,2022-2023,ILI,0.91
2022,2022-2023,ILI,4.12
2022,2022-2023,Broad Acute Respiratory,18.48
2022,2022-2023,Broad Acute Respiratory,19.06
2022,2022-2023,COVID-19,4.61
2022,2022-2023,COVID-19,2.87
2022,2022-2023,Influenza,2.96
2022,2022-2023,Influenza,5.04
2022,2022-2023,RSV,0.37
2022,2022-2023,RSV,0.25
2022,2022-2023,ILI,1.31
2022,2022-2023,ILI,3.42
2022,2022-2023,Broad Acute Respiratory,16.75
2022,2022-2023,Broad Acute Respiratory,16.59
2022,2022-2023,COVID-19,4.47
2022,2022-2023,COVID-19,3.07
2022,2022-2023,Influenza,1.70
2022,2022-2023,Influenza,2.96
2022,2022-2023,RSV,0.27
2022,2022-2023,RSV,0.23
2022,2022-2023,ILI,0.79
2022,2022-2023,ILI,2.80
2022,2022-2023,Broad Acute Respiratory,17.70
2022,2022-2023,Broad Acute Respiratory,15.40
2022,2022-2023,COVID-19,4.64
2022,2022-2023,COVID-19,2.91
2022,2022-2023,Influenza,1.28
2022,2022-2023,Influenza,1.78
2022,2022-2023,RSV,0.29
2022,2022-2023,RSV,0.20
2022,2022-2023,ILI,0.71
2022,2022-2023,ILI,2.08
2023,2022-2023,Broad Acute Respiratory,15.61
2023,2022-2023,Broad Acute Respiratory,12.93
2023,2022-2023,COVID-19,3.94
2023,2022-2023,COVID-19,2.48
2023,2022-2023,Influenza,0.73
2023,2022-2023,Influenza,1.01
2023,2022-2023,RSV,0.15
2023,2022-2023,RSV,0.18
2023,2022-2023,ILI,0.70
2023,2022-2023,ILI,1.59
2023,2022-2023,Broad Acute Respiratory,13.94
2023,2022-2023,Broad Acute Respiratory,10.93
2023,2022-2023,COVID-19,2.81
2023,2022-2023,COVID-19,1.81
2023,2022-2023,Influenza,0.45
2023,2022-2023,Influenza,0.52
2023,2022-2023,RSV,0.12
2023,2022-2023,RSV,0.13
2023,2022-2023,ILI,0.49
2023,2022-2023,ILI,1.37
2023,2022-2023,Broad Acute Respiratory,13.86
2023,2022-2023,Broad Acute Respiratory,10.33
2023,2022-2023,COVID-19,2.43
2023,2022-2023,COVID-19,1.59
2023,2022-2023,Influenza,0.20
2023,2022-2023,Influenza,0.29
2023,2022-2023,RSV,0.07
2023,2022-2023,RSV,0.07
2023,2022-2023,ILI,0.41
2023,2022-2023,ILI,1.12
2023,2022-2023,Broad Acute Respiratory,12.73
2023,2022-2023,Broad Acute Respiratory,10.45
2023,2022-2023,COVID-19,2.55
2023,2022-2023,COVID-19,1.55
2023,2022-2023,Influenza,0.18
2023,2022-2023,Influenza,0.20
2023,2022-2023,RSV,0.16
2023,2022-2023,RSV,0.11
2023,2022-2023,ILI,0.35
2023,2022-2023,ILI,1.04
2023,2022-2023,Broad Acute Respiratory,13.61
2023,2022-2023,Broad Acute Respiratory,11.06
2023,2022-2023,COVID-19,2.34
2023,2022-2023,COVID-19,1.68
2023,2022-2023,Influenza,0.14
2023,2022-2023,Influenza,0.19
2023,2022-2023,RSV,0.09
2023,2022-2023,RSV,0.06
2023,2022-2023,ILI,0.48
2023,2022-2023,ILI,0.98
2023,2022-2023,Broad Acute Respiratory,13.51
2023,2022-2023,Broad Acute Respiratory,11.45
2023,2022-2023,COVID-19,2.40
2023,2022-2023,COVID-19,1.68
2023,2022-2023,Influenza,0.17
2023,2022-2023,Influenza,0.18
2023,2022-2023,RSV,0.10
2023,2022-2023,RSV,0.05
2023,2022-2023,ILI,0.40
2023,2022-2023,ILI,1.35
2023,2022-2023,Broad Acute Respiratory,13.96
2023,2022-2023,Broad Acute Respiratory,11.65
2023,2022-2023,COVID-19,2.33
2023,2022-2023,COVID-19,1.69
2023,2022-2023,Influenza,0.09
2023,2022-2023,Influenza,0.16
2023,2022-2023,RSV,0.07
2023,2022-2023,RSV,0.05
2023,2022-2023,ILI,0.40
2023,2022-2023,ILI,1.33
2023,2022-2023,Broad Acute Respiratory,13.51
2023,2022-2023,Broad Acute Respiratory,12.38
2023,2022-2023,COVID-19,2.41
2023,2022-2023,COVID-19,1.75
2023,2022-2023,Influenza,0.10
2023,2022-2023,Influenza,0.17
2023,2022-2023,RSV,0.02
2023,2022-2023,RSV,0.03
2023,2022-2023,ILI,0.31
2023,2022-2023,ILI,1.47
2023,2022-2023,Broad Acute Respiratory,13.71
2023,2022-2023,Broad Acute Respiratory,12.75
2023,2022-2023,COVID-19,2.38
2023,2022-2023,COVID-19,1.64
2023,2022-2023,Influenza,0.07
2023,2022-2023,Influenza,0.19
2023,2022-2023,RSV,0.12
2023,2022-2023,RSV,0.05
2023,2022-2023,ILI,0.57
2023,2022-2023,ILI,1.57
2023,2022-2023,Broad Acute Respiratory,13.82
2023,2022-2023,Broad Acute Respiratory,12.75
2023,2022-2023,COVID-19,2.47
2023,2022-2023,COVID-19,1.54
2023,2022-2023,Influenza,0.15
2023,2022-2023,Influenza,0.14
2023,2022-2023,RSV,0.12
2023,2022-2023,RSV,0.05
2023,2022-2023,ILI,0.53
2023,2022-2023,ILI,1.65
2023,2022-2023,Broad Acute Respiratory,12.94
2023,2022-2023,Broad Acute Respiratory,12.11
2023,2022-2023,COVID-19,1.92
2023,2022-2023,COVID-19,1.31
2023,2022-2023,Influenza,0.16
2023,2022-2023,Influenza,0.13
2023,2022-2023,RSV,0.00
2023,2022-2023,RSV,0.00
2023,2022-2023,ILI,0.42
2023,2022-2023,ILI,1.40
2023,2022-2023,Broad Acute Respiratory,13.90
2023,2022-2023,Broad Acute Respiratory,13.17
2023,2022-2023,COVID-19,2.08
2023,2022-2023,COVID-19,1.37
2023,2022-2023,Influenza,0.05
2023,2022-2023,Influenza,0.12
2023,2022-2023,RSV,0.07
2023,2022-2023,RSV,0.03
2023,2022-2023,ILI,0.36
2023,2022-2023,ILI,1.51
2023,2022-2023,Broad Acute Respiratory,13.93
2023,2022-2023,Broad Acute Respiratory,12.62
2023,2022-2023,COVID-19,2.12
2023,2022-2023,COVID-19,1.34
2023,2022-2023,Influenza,0.15
2023,2022-2023,Influenza,0.22
2023,2022-2023,RSV,0.02
2023,2022-2023,RSV,0.02
2023,2022-2023,ILI,0.37
2023,2022-2023,ILI,1.43
2023,2022-2023,Broad Acute Respiratory,13.82
2023,2022-2023,Broad Acute Respiratory,11.94
2023,2022-2023,COVID-19,1.42
2023,2022-2023,COVID-19,1.14
2023,2022-2023,Influenza,0.04
2023,2022-2023,Influenza,0.14
2023,2022-2023,RSV,0.02
2023,2022-2023,RSV,0.01
2023,2022-2023,ILI,0.39
2023,2022-2023,ILI,1.28
2023,2022-2023,Broad Acute Respiratory,14.39
2023,2022-2023,Broad Acute Respiratory,11.08
2023,2022-2023,COVID-19,1.59
2023,2022-2023,COVID-19,1.16
2023,2022-2023,Influenza,0.10
2023,2022-2023,Influenza,0.17
2023,2022-2023,RSV,0.00
2023,2022-2023,RSV,0.02
2023,2022-2023,ILI,0.41
2023,2022-2023,ILI,1.24
2023,2022-2023,Broad Acute Respiratory,13.38
2023,2022-2023,Broad Acute Respiratory,10.93
2023,2022-2023,COVID-19,1.30
2023,2022-2023,COVID-19,0.78
2023,2022-2023,Influenza,0.08
2023,2022-2023,Influenza,0.14
2023,2022-2023,RSV,0.05
2023,2022-2023,RSV,0.02
2023,2022-2023,ILI,0.19
2023,2022-2023,ILI,1.08
2023,2022-2023,Broad Acute Respiratory,13.32
2023,2022-2023,Broad Acute Respiratory,11.34
2023,2022-2023,COVID-19,1.10
2023,2022-2023,COVID-19,0.75
2023,2022-2023,Influenza,0.07
2023,2022-2023,Influenza,0.16
2023,2022-2023,RSV,0.02
2023,2022-2023,RSV,0.01
2023,2022-2023,ILI,0.30
2023,2022-2023,ILI,1.15
2023,2022-2023,Broad Acute Respiratory,12.52
2023,2022-2023,Broad Acute Respiratory,11.22
2023,2022-2023,COVID-19,0.97
2023,2022-2023,COVID-19,0.69
2023,2022-2023,Influenza,0.17
2023,2022-2023,Influenza,0.22
2023,2022-2023,RSV,0.00
2023,2022-2023,RSV,0.00
2023,2022-2023,ILI,0.39
2023,2022-2023,ILI,1.31
2023,2022-2023,Broad Acute Respiratory,12.69
2023,2022-2023,Broad Acute Respiratory,10.90
2023,2022-2023,COVID-19,1.00
2023,2022-2023,COVID-19,0.68
2023,2022-2023,Influenza,0.12
2023,2022-2023,Influenza,0.21
2023,2022-2023,RSV,0.00
2023,2022-2023,RSV,0.00
2023,2022-2023,ILI,0.31
2023,2022-2023,ILI,1.07
2023,2022-2023,Broad Acute Respiratory,12.93
2023,2022-2023,Broad Acute Respiratory,10.65
2023,2022-2023,COVID-19,1.04
2023,2022-2023,COVID-19,0.63
2023,2022-2023,Influenza,0.12
2023,2022-2023,Influenza,0.16
2023,2022-2023,RSV,0.00
2023,2022-2023,RSV,0.02
2023,2022-2023,ILI,0.32
2023,2022-2023,ILI,1.01
2023,2022-2023,Broad Acute Respiratory,12.22
2023,2022-2023,Broad Acute Respiratory,10.04
2023,2022-2023,COVID-19,0.63
2023,2022-2023,COVID-19,0.39
2023,2022-2023,Influenza,0.02
2023,2022-2023,Influenza,0.16
2023,2022-2023,RSV,0.00
2023,2022-2023,RSV,0.00
2023,2022-2023,ILI,0.31
2023,2022-2023,ILI,1.21
2023,2022-2023,Broad Acute Respiratory,13.08
2023,2022-2023,Broad Acute Respiratory,10.35
2023,2022-2023,COVID-19,0.71
2023,2022-2023,COVID-19,0.48
2023,2022-2023,Influenza,0.12
2023,2022-2023,Influenza,0.16
2023,2022-2023,RSV,0.07
2023,2022-2023,RSV,0.03
2023,2022-2023,ILI,0.32
2023,2022-2023,ILI,0.99
2023,2022-2023,Broad Acute Respiratory,12.49
2023,2022-2023,Broad Acute Respiratory,9.33
2023,2022-2023,COVID-19,0.81
2023,2022-2023,COVID-19,0.43
2023,2022-2023,Influenza,0.07
2023,2022-2023,Influenza,0.06
2023,2022-2023,RSV,0.00
2023,2022-2023,RSV,0.00
2023,2022-2023,ILI,0.43
2023,2022-2023,ILI,0.92
2023,2022-2023,Broad Acute Respiratory,11.69
2023,2022-2023,Broad Acute Respiratory,9.02
2023,2022-2023,COVID-19,0.50
2023,2022-2023,COVID-19,0.27
2023,2022-2023,Influenza,0.03
2023,2022-2023,Influenza,0.09
2023,2022-2023,RSV,0.02
2023,2022-2023,RSV,0.00
2023,2022-2023,ILI,0.34
2023,2022-2023,ILI,0.75
2023,2022-2023,Broad Acute Respiratory,10.76
2023,2022-2023,Broad Acute Respiratory,8.51
2023,2022-2023,COVID-19,0.48
2023,2022-2023,COVID-19,0.30
2023,2022-2023,Influenza,0.11
2023,2022-2023,Influenza,0.12
2023,2022-2023,RSV,0.02
2023,2022-2023,RSV,0.01
2023,2022-2023,ILI,0.18
2023,2022-2023,ILI,0.70
2023,2022-2023,Broad Acute Respiratory,9.92
2023,2022-2023,Broad Acute Respiratory,7.63
2023,2022-2023,COVID-19,0.39
2023,2022-2023,COVID-19,0.32
2023,2022-2023,Influenza,0.04
2023,2022-2023,Influenza,0.05
2023,2022-2023,RSV,0.02
2023,2022-2023,RSV,0.01
2023,2022-2023,ILI,0.09
2023,2022-2023,ILI,0.54
2023,2022-2023,Broad Acute Respiratory,10.79
2023,2022-2023,Broad Acute Respiratory,7.56
2023,2022-2023,COVID-19,0.53
2023,2022-2023,COVID-19,0.34
2023,2022-2023,Influenza,0.02
2023,2022-2023,Influenza,0.03
2023,2022-2023,RSV,0.00
2023,2022-2023,RSV,0.02
2023,2022-2023,ILI,0.11
2023,2022-2023,ILI,0.58
2023,2022-2023,Broad Acute Respiratory,10.13
2023,2022-2023,Broad Acute Respiratory,7.25
2023,2022-2023,COVID-19,0.19
2023,2022-2023,COVID-19,0.30
2023,2022-2023,Influenza,0.03
2023,2022-2023,Influenza,0.04
2023,2022-2023,RSV,0.00
2023,2022-2023,RSV,0.00
2023,2022-2023,ILI,0.19
2023,2022-2023,ILI,0.52
2023,2022-2023,Broad Acute Respiratory,11.09
2023,2022-2023,Broad Acute Respiratory,7.35
2023,2022-2023,COVID-19,0.45
2023,2022-2023,COVID-19,0.55
2023,2022-2023,Influenza,0.03
2023,2022-2023,Influenza,0.05
2023,2022-2023,RSV,0.00
2023,2022-2023,RSV,0.01
2023,2022-2023,ILI,0.05
2023,2022-2023,ILI,0.50
2023,2022-2023,Broad Acute Respiratory,10.72
2023,2022-2023,Broad Acute Respiratory,7.85
2023,2022-2023,COVID-19,0.73
2023,2022-2023,COVID-19,0.70
2023,2022-2023,Influenza,0.03
2023,2022-2023,Influenza,0.07
2023,2022-2023,RSV,0.03
2023,2022-2023,RSV,0.02
2023,2022-2023,ILI,0.19
2023,2022-2023,ILI,0.59
2023,2022-2023,Broad Acute Respiratory,10.89
2023,2022-2023,Broad Acute Respiratory,8.07
2023,2022-2023,COVID-19,0.74
2023,2022-2023,COVID-19,0.81
2023,2022-2023,Influenza,0.05
2023,2022-2023,Influenza,0.09
2023,2022-2023,RSV,0.00
2023,2022-2023,RSV,0.01
2023,2022-2023,ILI,0.26
2023,2022-2023,ILI,0.56
2023,2022-2023,Broad Acute Respiratory,11.60
2023,2022-2023,Broad Acute Respiratory,8.30
2023,2022-2023,COVID-19,1.08
2023,2022-2023,COVID-19,0.99
2023,2022-2023,Influenza,0.14
2023,2022-2023,Influenza,0.08
2023,2022-2023,RSV,0.00
2023,2022-2023,RSV,0.01
2023,2022-2023,ILI,0.32
2023,2022-2023,ILI,0.66
2023,2022-2023,Broad Acute Respiratory,10.77
2023,2022-2023,Broad Acute Respiratory,8.64
2023,2022-2023,COVID-19,1.13
2023,2022-2023,COVID-19,1.22
2023,2022-2023,Influenza,0.03
2023,2022-2023,Influenza,0.08
2023,2022-2023,RSV,0.00
2023,2022-2023,RSV,0.02
2023,2022-2023,ILI,0.36
2023,2022-2023,ILI,0.81
2023,2022-2023,Broad Acute Respiratory,11.54
2023,2022-2023,Broad Acute Respiratory,9.18
2023,2022-2023,COVID-19,1.17
2023,2022-2023,COVID-19,1.45
2023,2022-2023,Influenza,0.03
2023,2022-2023,Influenza,0.06
2023,2022-2023,RSV,0.02
2023,2022-2023,RSV,0.03
2023,2022-2023,ILI,0.33
2023,2022-2023,ILI,0.91
2023,2022-2023,Broad Acute Respiratory,11.34
2023,2022-2023,Broad Acute Respiratory,10.34
2023,2022-2023,COVID-19,1.16
2023,2022-2023,COVID-19,1.42
2023,2022-2023,Influenza,0.02
2023,2022-2023,Influenza,0.09
2023,2022-2023,RSV,0.02
2023,2022-2023,RSV,0.03
2023,2022-2023,ILI,0.32
2023,2022-2023,ILI,1.15
2023,2022-2023,Broad Acute Respiratory,13.35
2023,2022-2023,Broad Acute Respiratory,11.75
2023,2022-2023,COVID-19,1.80
2023,2022-2023,COVID-19,1.50
2023,2022-2023,Influenza,0.09
2023,2022-2023,Influenza,0.07
2023,2022-2023,RSV,0.07
2023,2022-2023,RSV,0.07
2023,2022-2023,ILI,0.33
2023,2022-2023,ILI,1.33
2023,2022-2023,Broad Acute Respiratory,12.58
2023,2022-2023,Broad Acute Respiratory,11.15
2023,2022-2023,COVID-19,1.75
2023,2022-2023,COVID-19,1.35
2023,2022-2023,Influenza,0.03
2023,2022-2023,Influenza,0.08
2023,2022-2023,RSV,0.03
2023,2022-2023,RSV,0.04
2023,2022-2023,ILI,0.52
2023,2022-2023,ILI,1.25
2023,2022-2023,Broad Acute Respiratory,12.73
2023,2022-2023,Broad Acute Respiratory,11.81
2023,2022-2023,COVID-19,1.88
2023,2022-2023,COVID-19,1.36
2023,2022-2023,Influenza,0.12
2023,2022-2023,Influenza,0.14
2023,2022-2023,RSV,0.09
2023,2022-2023,RSV,0.08
2023,2022-2023,ILI,0.55
2023,2022-2023,ILI,1.57
2023,2022-2023,Broad Acute Respiratory,12.24
2023,2022-2023,Broad Acute Respiratory,11.83
2023,2022-2023,COVID-19,1.30
2023,2022-2023,COVID-19,1.06
2023,2022-2023,Influenza,0.09
2023,2022-2023,Influenza,0.12
2023,2022-2023,RSV,0.05
2023,2022-2023,RSV,0.11
2023,2022-2023,ILI,0.38
2023,2022-2023,ILI,1.46
2023,2023-2024,Broad Acute Respiratory,12.89
2023,2023-2024,Broad Acute Respiratory,11.97
2023,2023-2024,COVID-19,1.13
2023,2023-2024,COVID-19,0.92
2023,2023-2024,Influenza,0.14
2023,2023-2024,Influenza,0.19
2023,2023-2024,RSV,0.14
2023,2023-2024,RSV,0.18
2023,2023-2024,ILI,0.52
2023,2023-2024,ILI,1.40
2023,2023-2024,Broad Acute Respiratory,13.37
2023,2023-2024,Broad Acute Respiratory,12.58
2023,2023-2024,COVID-19,1.39
2023,2023-2024,COVID-19,0.94
2023,2023-2024,Influenza,0.03
2023,2023-2024,Influenza,0.23
2023,2023-2024,RSV,0.33
2023,2023-2024,RSV,0.27
2023,2023-2024,ILI,0.76
2023,2023-2024,ILI,1.62
2023,2023-2024,Broad Acute Respiratory,14.88
2023,2023-2024,Broad Acute Respiratory,13.29
2023,2023-2024,COVID-19,1.64
2023,2023-2024,COVID-19,1.11
2023,2023-2024,Influenza,0.21
2023,2023-2024,Influenza,0.33
2023,2023-2024,RSV,0.31
2023,2023-2024,RSV,0.27
2023,2023-2024,ILI,0.45
2023,2023-2024,ILI,1.60
2023,2023-2024,Broad Acute Respiratory,12.98
2023,2023-2024,Broad Acute Respiratory,13.50
2023,2023-2024,COVID-19,1.14
2023,2023-2024,COVID-19,1.11
2023,2023-2024,Influenza,0.14
2023,2023-2024,Influenza,0.31
2023,2023-2024,RSV,0.26
2023,2023-2024,RSV,0.50
2023,2023-2024,ILI,0.46
2023,2023-2024,ILI,1.64
2023,2023-2024,Broad Acute Respiratory,14.33
2023,2023-2024,Broad Acute Respiratory,14.48
2023,2023-2024,COVID-19,1.52
2023,2023-2024,COVID-19,1.29
2023,2023-2024,Influenza,0.18
2023,2023-2024,Influenza,0.36
2023,2023-2024,RSV,0.45
2023,2023-2024,RSV,0.67
2023,2023-2024,ILI,0.54
2023,2023-2024,ILI,1.97
2023,2023-2024,Broad Acute Respiratory,15.74
2023,2023-2024,Broad Acute Respiratory,15.54
2023,2023-2024,COVID-19,1.90
2023,2023-2024,COVID-19,1.43
2023,2023-2024,Influenza,0.23
2023,2023-2024,Influenza,0.60
2023,2023-2024,RSV,0.75
2023,2023-2024,RSV,0.84
2023,2023-2024,ILI,0.68
2023,2023-2024,ILI,2.17
2023,2023-2024,Broad Acute Respiratory,15.66
2023,2023-2024,Broad Acute Respiratory,16.58
2023,2023-2024,COVID-19,2.01
2023,2023-2024,COVID-19,1.79
2023,2023-2024,Influenza,0.49
2023,2023-2024,Influenza,0.82
2023,2023-2024,RSV,0.97
2023,2023-2024,RSV,0.94
2023,2023-2024,ILI,0.61
2023,2023-2024,ILI,2.34
2023,2023-2024,Broad Acute Respiratory,18.20
2023,2023-2024,Broad Acute Respiratory,18.04
2023,2023-2024,COVID-19,2.98
2023,2023-2024,COVID-19,2.51
2023,2023-2024,Influenza,0.82
2023,2023-2024,Influenza,1.29
2023,2023-2024,RSV,1.49
2023,2023-2024,RSV,1.15
2023,2023-2024,ILI,0.80
2023,2023-2024,ILI,2.52
2023,2023-2024,Broad Acute Respiratory,18.89
2023,2023-2024,Broad Acute Respiratory,18.20
2023,2023-2024,COVID-19,2.91
2023,2023-2024,COVID-19,2.33
2023,2023-2024,Influenza,1.06
2023,2023-2024,Influenza,1.39
2023,2023-2024,RSV,1.35
2023,2023-2024,RSV,1.10
2023,2023-2024,ILI,0.88
2023,2023-2024,ILI,2.83
2023,2023-2024,Broad Acute Respiratory,18.76
2023,2023-2024,Broad Acute Respiratory,18.11
2023,2023-2024,COVID-19,3.02
2023,2023-2024,COVID-19,2.38
2023,2023-2024,Influenza,1.15
2023,2023-2024,Influenza,2.09
2023,2023-2024,RSV,1.14
2023,2023-2024,RSV,0.81
2023,2023-2024,ILI,0.92
2023,2023-2024,ILI,2.89
2023,2023-2024,Broad Acute Respiratory,18.63
2023,2023-2024,Broad Acute Respiratory,18.80
2023,2023-2024,COVID-19,2.94
2023,2023-2024,COVID-19,2.34
2023,2023-2024,Influenza,1.94
2023,2023-2024,Influenza,3.09
2023,2023-2024,RSV,1.17
2023,2023-2024,RSV,0.82
2023,2023-2024,ILI,0.73
2023,2023-2024,ILI,3.57
2023,2023-2024,Broad Acute Respiratory,20.45
2023,2023-2024,Broad Acute Respiratory,21.49
2023,2023-2024,COVID-19,3.57
2023,2023-2024,COVID-19,2.79
2023,2023-2024,Influenza,3.17
2023,2023-2024,Influenza,4.68
2023,2023-2024,RSV,1.14
2023,2023-2024,RSV,0.84
2023,2023-2024,ILI,1.07
2023,2023-2024,ILI,3.87
2023,2023-2024,Broad Acute Respiratory,22.72
2023,2023-2024,Broad Acute Respiratory,22.15
2023,2023-2024,COVID-19,4.23
2023,2023-2024,COVID-19,2.96
2023,2023-2024,Influenza,3.68
2023,2023-2024,Influenza,5.26
2023,2023-2024,RSV,0.84
2023,2023-2024,RSV,0.64
2023,2023-2024,ILI,1.17
2023,2023-2024,ILI,4.07
2023,2023-2024,Broad Acute Respiratory,20.35
2023,2023-2024,Broad Acute Respiratory,19.01
2023,2023-2024,COVID-19,3.52
2023,2023-2024,COVID-19,2.56
2023,2023-2024,Influenza,3.18
2023,2023-2024,Influenza,3.75
2023,2023-2024,RSV,1.03
2023,2023-2024,RSV,0.69
2023,2023-2024,ILI,1.25
2023,2023-2024,ILI,3.18
2024,2023-2024,Broad Acute Respiratory,19.03
2024,2023-2024,Broad Acute Respiratory,17.09
2024,2023-2024,COVID-19,2.88
2024,2023-2024,COVID-19,2.21
2024,2023-2024,Influenza,1.97
2024,2023-2024,Influenza,2.82
2024,2023-2024,RSV,0.94
2024,2023-2024,RSV,0.58
2024,2023-2024,ILI,1.09
2024,2023-2024,ILI,2.75
2024,2023-2024,Broad Acute Respiratory,15.29
2024,2023-2024,Broad Acute Respiratory,14.26
2024,2023-2024,COVID-19,2.27
2024,2023-2024,COVID-19,1.80
2024,2023-2024,Influenza,1.47
2024,2023-2024,Influenza,2.07
2024,2023-2024,RSV,0.57
2024,2023-2024,RSV,0.50
2024,2023-2024,ILI,0.73
2024,2023-2024,ILI,2.09
2024,2023-2024,Broad Acute Respiratory,14.03
2024,2023-2024,Broad Acute Respiratory,13.00
2024,2023-2024,COVID-19,1.86
2024,2023-2024,COVID-19,1.45
2024,2023-2024,Influenza,1.32
2024,2023-2024,Influenza,1.75
2024,2023-2024,RSV,0.42
2024,2023-2024,RSV,0.27
2024,2023-2024,ILI,0.70
2024,2023-2024,ILI,1.82
2024,2023-2024,Broad Acute Respiratory,14.75
2024,2023-2024,Broad Acute Respiratory,13.12
2024,2023-2024,COVID-19,1.37
2024,2023-2024,COVID-19,1.21
2024,2023-2024,Influenza,0.93
2024,2023-2024,Influenza,1.61
2024,2023-2024,RSV,0.37
2024,2023-2024,RSV,0.28
2024,2023-2024,ILI,0.69
2024,2023-2024,ILI,1.78
2024,2023-2024,Broad Acute Respiratory,15.62
2024,2023-2024,Broad Acute Respiratory,14.43
2024,2023-2024,COVID-19,1.94
2024,2023-2024,COVID-19,1.47
2024,2023-2024,Influenza,1.07
2024,2023-2024,Influenza,1.75
2024,2023-2024,RSV,0.36
2024,2023-2024,RSV,0.20
2024,2023-2024,ILI,0.53
2024,2023-2024,ILI,1.85
2024,2023-2024,Broad Acute Respiratory,14.82
2024,2023-2024,Broad Acute Respiratory,14.82
2024,2023-2024,COVID-19,1.34
2024,2023-2024,COVID-19,1.30
2024,2023-2024,Influenza,0.98
2024,2023-2024,Influenza,1.87
2024,2023-2024,RSV,0.24
2024,2023-2024,RSV,0.17
2024,2023-2024,ILI,0.69
2024,2023-2024,ILI,1.89
2024,2023-2024,Broad Acute Respiratory,15.05
2024,2023-2024,Broad Acute Respiratory,15.10
2024,2023-2024,COVID-19,1.64
2024,2023-2024,COVID-19,1.32
2024,2023-2024,Influenza,1.20
2024,2023-2024,Influenza,2.34
2024,2023-2024,RSV,0.23
2024,2023-2024,RSV,0.16
2024,2023-2024,ILI,0.69
2024,2023-2024,ILI,2.20
2024,2023-2024,Broad Acute Respiratory,13.83
2024,2023-2024,Broad Acute Respiratory,14.06
2024,2023-2024,COVID-19,1.49
2024,2023-2024,COVID-19,1.13
2024,2023-2024,Influenza,0.98
2024,2023-2024,Influenza,2.35
2024,2023-2024,RSV,0.28
2024,2023-2024,RSV,0.15
2024,2023-2024,ILI,0.51
2024,2023-2024,ILI,1.98
2024,2023-2024,Broad Acute Respiratory,13.86
2024,2023-2024,Broad Acute Respiratory,14.64
2024,2023-2024,COVID-19,1.11
2024,2023-2024,COVID-19,0.87
2024,2023-2024,Influenza,0.83
2024,2023-2024,Influenza,2.51
2024,2023-2024,RSV,0.12
2024,2023-2024,RSV,0.15
2024,2023-2024,ILI,0.60
2024,2023-2024,ILI,2.14
2024,2023-2024,Broad Acute Respiratory,14.58
2024,2023-2024,Broad Acute Respiratory,14.71
2024,2023-2024,COVID-19,1.21
2024,2023-2024,COVID-19,0.83
2024,2023-2024,Influenza,1.27
2024,2023-2024,Influenza,2.46
2024,2023-2024,RSV,0.23
2024,2023-2024,RSV,0.12
2024,2023-2024,ILI,0.84
2024,2023-2024,ILI,2.05
2024,2023-2024,Broad Acute Respiratory,14.09
2024,2023-2024,Broad Acute Respiratory,14.26
2024,2023-2024,COVID-19,0.94
2024,2023-2024,COVID-19,0.49
2024,2023-2024,Influenza,0.95
2024,2023-2024,Influenza,2.15
2024,2023-2024,RSV,0.14
2024,2023-2024,RSV,0.13
2024,2023-2024,ILI,0.73
2024,2023-2024,ILI,2.10
2024,2023-2024,Broad Acute Respiratory,15.07
2024,2023-2024,Broad Acute Respiratory,14.40
2024,2023-2024,COVID-19,0.79
2024,2023-2024,COVID-19,0.59
2024,2023-2024,Influenza,1.07
2024,2023-2024,Influenza,2.23
2024,2023-2024,RSV,0.11
2024,2023-2024,RSV,0.09
2024,2023-2024,ILI,0.56
2024,2023-2024,ILI,2.28
2024,2023-2024,Broad Acute Respiratory,15.01
2024,2023-2024,Broad Acute Respiratory,13.66
2024,2023-2024,COVID-19,0.77
2024,2023-2024,COVID-19,0.50
2024,2023-2024,Influenza,1.07
2024,2023-2024,Influenza,2.03
2024,2023-2024,RSV,0.25
2024,2023-2024,RSV,0.12
2024,2023-2024,ILI,0.67
2024,2023-2024,ILI,2.09
2024,2023-2024,Broad Acute Respiratory,14.69
2024,2023-2024,Broad Acute Respiratory,12.44
2024,2023-2024,COVID-19,0.63
2024,2023-2024,COVID-19,0.43
2024,2023-2024,Influenza,0.82
2024,2023-2024,Influenza,1.49
2024,2023-2024,RSV,0.12
2024,2023-2024,RSV,0.07
2024,2023-2024,ILI,0.58
2024,2023-2024,ILI,1.79
2024,2023-2024,Broad Acute Respiratory,14.61
2024,2023-2024,Broad Acute Respiratory,11.76
2024,2023-2024,COVID-19,0.63
2024,2023-2024,COVID-19,0.42
2024,2023-2024,Influenza,0.53
2024,2023-2024,Influenza,1.21
2024,2023-2024,RSV,0.14
2024,2023-2024,RSV,0.06
2024,2023-2024,ILI,0.44
2024,2023-2024,ILI,1.54
2024,2023-2024,Broad Acute Respiratory,13.30
2024,2023-2024,Broad Acute Respiratory,11.80
2024,2023-2024,COVID-19,0.61
2024,2023-2024,COVID-19,0.39
2024,2023-2024,Influenza,0.42
2024,2023-2024,Influenza,0.96
2024,2023-2024,RSV,0.07
2024,2023-2024,RSV,0.06
2024,2023-2024,ILI,0.37
2024,2023-2024,ILI,1.25
2024,2023-2024,Broad Acute Respiratory,13.56
2024,2023-2024,Broad Acute Respiratory,11.18
2024,2023-2024,COVID-19,0.52
2024,2023-2024,COVID-19,0.36
2024,2023-2024,Influenza,0.19
2024,2023-2024,Influenza,0.70
2024,2023-2024,RSV,0.05
2024,2023-2024,RSV,0.03
2024,2023-2024,ILI,0.36
2024,2023-2024,ILI,1.21
2024,2023-2024,Broad Acute Respiratory,13.36
2024,2023-2024,Broad Acute Respiratory,10.76
2024,2023-2024,COVID-19,0.50
2024,2023-2024,COVID-19,0.44
2024,2023-2024,Influenza,0.18
2024,2023-2024,Influenza,0.43
2024,2023-2024,RSV,0.05
2024,2023-2024,RSV,0.03
2024,2023-2024,ILI,0.45
2024,2023-2024,ILI,1.12
2024,2023-2024,Broad Acute Respiratory,13.43
2024,2023-2024,Broad Acute Respiratory,10.41
2024,2023-2024,COVID-19,0.49
2024,2023-2024,COVID-19,0.36
2024,2023-2024,Influenza,0.14
2024,2023-2024,Influenza,0.22
2024,2023-2024,RSV,0.05
2024,2023-2024,RSV,0.03
2024,2023-2024,ILI,0.51
2024,2023-2024,ILI,1.24
2024,2023-2024,Broad Acute Respiratory,12.55
2024,2023-2024,Broad Acute Respiratory,9.86
2024,2023-2024,COVID-19,0.45
2024,2023-2024,COVID-19,0.34
2024,2023-2024,Influenza,0.10
2024,2023-2024,Influenza,0.13
2024,2023-2024,RSV,0.05
2024,2023-2024,RSV,0.03
2024,2023-2024,ILI,0.31
2024,2023-2024,ILI,0.96
2024,2023-2024,Broad Acute Respiratory,12.38
2024,2023-2024,Broad Acute Respiratory,9.78
2024,2023-2024,COVID-19,0.36
2024,2023-2024,COVID-19,0.29
2024,2023-2024,Influenza,0.23
2024,2023-2024,Influenza,0.17
2024,2023-2024,RSV,0.02
2024,2023-2024,RSV,0.02
2024,2023-2024,ILI,0.16
2024,2023-2024,ILI,0.92
2024,2023-2024,Broad Acute Respiratory,11.72
2024,2023-2024,Broad Acute Respiratory,9.23
2024,2023-2024,COVID-19,0.51
2024,2023-2024,COVID-19,0.49
2024,2023-2024,Influenza,0.10
2024,2023-2024,Influenza,0.12
2024,2023-2024,RSV,0.00
2024,2023-2024,RSV,0.02
2024,2023-2024,ILI,0.48
2024,2023-2024,ILI,0.96
2024,2023-2024,Broad Acute Respiratory,12.05
2024,2023-2024,Broad Acute Respiratory,9.01
2024,2023-2024,COVID-19,0.56
2024,2023-2024,COVID-19,0.54
2024,2023-2024,Influenza,0.12
2024,2023-2024,Influenza,0.13
2024,2023-2024,RSV,0.02
2024,2023-2024,RSV,0.01
2024,2023-2024,ILI,0.37
2024,2023-2024,ILI,0.85
2024,2023-2024,Broad Acute Respiratory,12.01
2024,2023-2024,Broad Acute Respiratory,8.00
2024,2023-2024,COVID-19,0.87
2024,2023-2024,COVID-19,0.70
2024,2023-2024,Influenza,0.18
2024,2023-2024,Influenza,0.12
2024,2023-2024,RSV,0.02
2024,2023-2024,RSV,0.01
2024,2023-2024,ILI,0.30
2024,2023-2024,ILI,0.68
2024,2023-2024,Broad Acute Respiratory,11.62
2024,2023-2024,Broad Acute Respiratory,7.64
2024,2023-2024,COVID-19,0.70
2024,2023-2024,COVID-19,0.70
2024,2023-2024,Influenza,0.09
2024,2023-2024,Influenza,0.07
2024,2023-2024,RSV,0.02
2024,2023-2024,RSV,0.01
2024,2023-2024,ILI,0.23
2024,2023-2024,ILI,0.68
2026,2025-2026,COVID-19,0.78
2025,2024-2025,Broad Acute Respiratory,17.92
2025,2025-2026,RSV,0.07
2025,2024-2025,ILI,0.65
2024,2024-2025,Influenza,0.17
2025,2024-2025,ILI,1.59
2025,2024-2025,Influenza,0.03
2024,2023-2024,RSV,0.00
2026,2025-2026,Broad Acute Respiratory,15.26
2025,2024-2025,COVID-19,0.30
2024,2023-2024,Broad Acute Respiratory,9.13
2024,2023-2024,ILI,0.19
2025,2024-2025,Broad Acute Respiratory,11.26
2025,2024-2025,Broad Acute Respiratory,14.20
2024,2023-2024,Influenza,0.06
2024,2023-2024,RSV,0.02
2025,2024-2025,RSV,0.00
2025,2024-2025,COVID-19,0.20
2025,2025-2026,ILI,1.94
2026,2025-2026,ILI,0.57
2025,2024-2025,COVID-19,1.21
2025,2025-2026,Influenza,0.12
2026,2025-2026,RSV,0.77
2025,2024-2025,Broad Acute Respiratory,11.81
2026,2025-2026,RSV,0.77
2025,2024-2025,Broad Acute Respiratory,6.37
2025,2024-2025,COVID-19,0.52
2025,2024-2025,RSV,0.03
2025,2025-2026,Broad Acute Respiratory,13.60
2025,2025-2026,COVID-19,0.25
2026,2025-2026,RSV,0.75
2025,2025-2026,RSV,0.08
2026,2025-2026,ILI,0.56
2025,2024-2025,Influenza,1.07
2026,2025-2026,Influenza,0.65
2025,2024-2025,Broad Acute Respiratory,18.85
2026,2025-2026,ILI,3.59
2025,2024-2025,RSV,0.11
2024,2024-2025,ILI,1.50
2024,2024-2025,COVID-19,0.66
2025,2024-2025,COVID-19,0.32
2025,2024-2025,ILI,0.59
2026,2025-2026,Broad Acute Respiratory,15.20
2025,2025-2026,Influenza,5.18
2025,2024-2025,Influenza,0.19
2026,2025-2026,COVID-19,1.17
2024,2024-2025,RSV,0.07
2026,2025-2026,COVID-19,0.81
2026,2025-2026,COVID-19,0.59
2025,2024-2025,Influenza,3.58
2024,2024-2025,COVID-19,0.56
2026,2025-2026,Influenza,3.81
2024,2023-2024,Broad Acute Respiratory,8.24
2025,2024-2025,ILI,1.35
2026,2025-2026,RSV,0.40
2025,2024-2025,ILI,2.61
2026,2025-2026,RSV,0.76
2026,2025-2026,Influenza,0.47
2025,2024-2025,Influenza,0.83
2026,2025-2026,Broad Acute Respiratory,11.73
2026,2025-2026,RSV,0.77
2026,2025-2026,Broad Acute Respiratory,14.43
2025,2025-2026,ILI,1.32
2024,2023-2024,RSV,0.00
2026,2025-2026,COVID-19,0.45
2025,2024-2025,RSV,0.00
2024,2024-2025,RSV,0.72
2025,2025-2026,Influenza,5.53
2025,2024-2025,COVID-19,1.37
2025,2024-2025,ILI,1.26
2026,2025-2026,RSV,0.84
2024,2024-2025,COVID-19,0.35
2024,2024-2025,Broad Acute Respiratory,13.70
2024,2023-2024,COVID-19,2.15
2025,2025-2026,Influenza,0.94
2025,2024-2025,Influenza,0.16
2026,2025-2026,ILI,1.52
2024,2024-2025,Influenza,0.12
2025,2024-2025,ILI,0.55
2025,2024-2025,Broad Acute Respiratory,7.38
2025,2024-2025,Influenza,0.05
2024,2023-2024,Influenza,0.02
2025,2025-2026,Broad Acute Respiratory,16.85
2024,2024-2025,Broad Acute Respiratory,15.82
2026,2025-2026,Broad Acute Respiratory,15.38
2025,2024-2025,Influenza,3.07
2026,2025-2026,Influenza,1.72
2025,2024-2025,Broad Acute Respiratory,6.48
2025,2024-2025,RSV,0.05
2025,2025-2026,Broad Acute Respiratory,21.00
2026,2025-2026,Influenza,1.22
2026,2025-2026,COVID-19,0.25
2025,2024-2025,ILI,0.56
2025,2024-2025,COVID-19,1.03
2025,2024-2025,RSV,0.01
2025,2024-2025,Influenza,0.03
2026,2025-2026,COVID-19,0.49
2026,2025-2026,ILI,2.49
2024,2024-2025,RSV,0.27
2025,2024-2025,COVID-19,0.57
2024,2023-2024,COVID-19,1.22
2024,2024-2025,Influenza,0.11
2025,2025-2026,RSV,0.22
2025,2025-2026,ILI,0.47
2024,2023-2024,RSV,0.03
2026,2025-2026,Broad Acute Respiratory,13.05
2025,2025-2026,Broad Acute Respiratory,11.30
2025,2024-2025,Influenza,2.13
2025,2025-2026,Influenza,0.43
2026,2025-2026,Influenza,0.38
2025,2025-2026,Influenza,0.17
2024,2023-2024,ILI,0.85
2024,2023-2024,Broad Acute Respiratory,12.76
2026,2025-2026,ILI,0.52
2024,2024-2025,Influenza,0.21
2025,2024-2025,RSV,0.36
2024,2023-2024,Influenza,0.00
2024,2023-2024,RSV,0.00
2025,2024-2025,ILI,1.32
2025,2024-2025,COVID-19,0.70
2026,2025-2026,Broad Acute Respiratory,15.19
2025,2025-2026,Broad Acute Respiratory,10.75
2025,2025-2026,ILI,0.47
2026,2025-2026,ILI,0.48
2026,2025-2026,Influenza,0.68
2026,2025-2026,COVID-19,1.49
2025,2025-2026,Broad Acute Respiratory,13.13
2025,2024-2025,RSV,0.04
2025,2024-2025,RSV,0.83
2024,2023-2024,COVID-19,1.53
2025,2025-2026,Broad Acute Respiratory,13.41
2025,2024-2025,Influenza,1.76
2025,2025-2026,COVID-19,0.37
2024,2024-2025,ILI,0.68
2025,2024-2025,COVID-19,0.48
2025,2024-2025,ILI,0.34
2025,2024-2025,RSV,0.02
2025,2024-2025,ILI,0.39
2025,2025-2026,Broad Acute Respiratory,12.87
2024,2023-2024,ILI,0.94
2024,2024-2025,ILI,0.55
2026,2025-2026,RSV,0.60
2026,2025-2026,Influenza,4.52
2026,2025-2026,COVID-19,1.40
2024,2023-2024,Influenza,0.07
2025,2025-2026,COVID-19,1.38
2026,2025-2026,ILI,0.43
2025,2024-2025,Influenza,0.06
2026,2025-2026,RSV,0.75
2024,2023-2024,ILI,0.40
2024,2024-2025,ILI,0.67
2026,2025-2026,Influenza,2.69
2025,2025-2026,ILI,1.55
2025,2024-2025,Influenza,0.05
2025,2025-2026,RSV,0.27
2025,2025-2026,COVID-19,0.24
2025,2024-2025,ILI,0.63
2024,2024-2025,Influenza,0.21
2024,2024-2025,Broad Acute Respiratory,14.83
2025,2024-2025,COVID-19,0.47
2024,2024-2025,RSV,0.31
2024,2023-2024,RSV,0.03
2026,2025-2026,ILI,1.40
2024,2024-2025,RSV,1.02
2025,2024-2025,Influenza,0.19
2026,2025-2026,ILI,2.00
2025,2024-2025,ILI,1.01
2026,2025-2026,Broad Acute Respiratory,12.48
2025,2024-2025,ILI,0.34
2026,2025-2026,RSV,0.80
2025,2025-2026,Influenza,0.27
2026,2025-2026,Broad Acute Respiratory,15.90
2025,2025-2026,RSV,0.89
2025,2024-2025,RSV,0.04
2025,2025-2026,Broad Acute Respiratory,14.69
2025,2025-2026,Broad Acute Respiratory,12.54
2025,2024-2025,Broad Acute Respiratory,9.70
2024,2023-2024,Broad Acute Respiratory,12.06
2025,2024-2025,RSV,0.12
2024,2024-2025,Broad Acute Respiratory,11.68
2024,2023-2024,Influenza,0.05
2025,2024-2025,Broad Acute Respiratory,13.46
2024,2023-2024,ILI,0.93
2026,2025-2026,COVID-19,1.24
2024,2024-2025,COVID-19,0.75
2025,2024-2025,RSV,0.31
2026,2025-2026,Influenza,1.49
2024,2024-2025,Influenza,0.92
2025,2024-2025,COVID-19,0.39
2024,2024-2025,COVID-19,0.95
2025,2024-2025,Broad Acute Respiratory,13.82
2025,2024-2025,RSV,0.06
2026,2025-2026,ILI,1.93
2025,2024-2025,COVID-19,0.22
2024,2023-2024,COVID-19,1.60
2024,2023-2024,Influenza,0.00
2025,2024-2025,Broad Acute Respiratory,13.68
2024,2023-2024,Influenza,0.03
2024,2023-2024,COVID-19,1.81
2025,2024-2025,Influenza,0.04
2026,2025-2026,ILI,1.04
2025,2024-2025,Broad Acute Respiratory,10.52
2024,2024-2025,Broad Acute Respiratory,11.22
2025,2024-2025,ILI,0.26
2025,2024-2025,Broad Acute Respiratory,10.89
2026,2025-2026,RSV,0.01
2024,2023-2024,Influenza,0.08
2025,2024-2025,Influenza,2.33
2026,2025-2026,Influenza,0.14
2026,2025-2026,COVID-19,0.10
2025,2024-2025,Influenza,0.07
2025,2024-2025,COVID-19,0.20
2024,2023-2024,ILI,0.39
2026,2025-2026,Broad Acute Respiratory,15.20
2025,2024-2025,COVID-19,0.49
2025,2025-2026,COVID-19,0.22
2025,2024-2025,RSV,0.21
2024,2024-2025,ILI,0.71
2025,2024-2025,Influenza,0.07
2026,2025-2026,RSV,0.27
2024,2023-2024,Broad Acute Respiratory,11.94
2024,2023-2024,ILI,0.21
2025,2024-2025,ILI,0.52
2025,2024-2025,RSV,0.07
2025,2024-2025,COVID-19,0.14
2025,2024-2025,ILI,0.60
2025,2024-2025,RSV,0.00
2024,2023-2024,COVID-19,1.50
2025,2024-2025,RSV,0.02
2026,2025-2026,RSV,0.10
2026,2025-2026,ILI,0.64
2025,2024-2025,COVID-19,0.71
2025,2024-2025,Influenza,0.02
2025,2024-2025,COVID-19,1.16
2025,2025-2026,RSV,0.03
2025,2024-2025,RSV,0.01
2026,2025-2026,RSV,0.16
2024,2023-2024,ILI,1.18
2024,2023-2024,COVID-19,1.54
2025,2025-2026,RSV,0.00
2025,2024-2025,RSV,0.03
2025,2024-2025,Broad Acute Respiratory,13.66
2025,2025-2026,Broad Acute Respiratory,11.65
2024,2023-2024,COVID-19,1.85
2025,2024-2025,COVID-19,0.93
2025,2025-2026,ILI,0.51
2025,2025-2026,RSV,0.76
2026,2025-2026,Influenza,0.07
2024,2024-2025,RSV,1.38
2024,2024-2025,COVID-19,0.71
2025,2025-2026,RSV,0.03
2025,2025-2026,ILI,1.92
2025,2024-2025,COVID-19,0.24
2026,2025-2026,ILI,0.26
2025,2024-2025,RSV,0.01
2024,2023-2024,RSV,0.02
2026,2025-2026,Broad Acute Respiratory,16.75
2025,2025-2026,COVID-19,0.18
2024,2023-2024,COVID-19,1.11
2025,2024-2025,Broad Acute Respiratory,11.92
2026,2025-2026,Broad Acute Respiratory,12.96
2024,2024-2025,RSV,0.21
2026,2025-2026,Broad Acute Respiratory,16.53
2025,2025-2026,COVID-19,1.79
2025,2024-2025,Broad Acute Respiratory,12.15
2024,2024-2025,Influenza,0.24
2024,2023-2024,RSV,0.00
2025,2024-2025,ILI,0.22
2025,2024-2025,Influenza,1.52
2024,2024-2025,Broad Acute Respiratory,21.22
2026,2025-2026,COVID-19,0.44
2026,2025-2026,Broad Acute Respiratory,17.65
2026,2025-2026,ILI,0.35
2026,2025-2026,COVID-19,0.12
2026,2025-2026,Broad Acute Respiratory,14.52
2025,2024-2025,COVID-19,0.24
2024,2023-2024,COVID-19,1.30
2025,2024-2025,Broad Acute Respiratory,12.06
2025,2024-2025,Influenza,0.06
2025,2024-2025,RSV,0.02
2025,2024-2025,ILI,0.80
2025,2024-2025,Influenza,0.49
2026,2025-2026,COVID-19,0.14
2025,2024-2025,RSV,0.02
2024,2023-2024,RSV,0.01
2025,2025-2026,ILI,0.26
2024,2023-2024,Broad Acute Respiratory,9.87
2024,2024-2025,Influenza,5.79
2025,2024-2025,Broad Acute Respiratory,12.13
2024,2023-2024,Influenza,0.10
2025,2024-2025,ILI,0.25
2024,2023-2024,ILI,0.42
2025,2024-2025,Influenza,2.44
2025,2025-2026,COVID-19,0.24
2026,2025-2026,ILI,0.28
2026,2025-2026,Influenza,0.84
2024,2024-2025,COVID-19,0.30
2025,2024-2025,Influenza,0.05
2025,2025-2026,Influenza,0.07
2025,2024-2025,RSV,0.31
2024,2023-2024,ILI,0.82
2025,2025-2026,COVID-19,0.85
2026,2025-2026,Broad Acute Respiratory,14.34
2025,2024-2025,RSV,0.16
2026,2025-2026,ILI,1.87
2024,2023-2024,RSV,0.00
2024,2024-2025,ILI,4.40
2024,2023-2024,COVID-19,1.07
2025,2024-2025,ILI,2.30
2025,2024-2025,Broad Acute Respiratory,15.49
2025,2024-2025,ILI,1.17
2026,2025-2026,ILI,1.16
2025,2024-2025,COVID-19,0.18
2024,2023-2024,COVID-19,1.23
2024,2023-2024,ILI,0.29
2026,2025-2026,Broad Acute Respiratory,13.10
2024,2023-2024,Influenza,0.09
2025,2025-2026,COVID-19,0.70
2025,2025-2026,Influenza,6.74
2025,2025-2026,ILI,4.23
2026,2025-2026,Influenza,1.83
2024,2023-2024,Broad Acute Respiratory,8.28
2026,2025-2026,RSV,0.68
2025,2024-2025,COVID-19,1.14
2024,2023-2024,Broad Acute Respiratory,12.02
2026,2025-2026,COVID-19,0.03
2025,2024-2025,Broad Acute Respiratory,8.77
2025,2024-2025,ILI,0.34
2024,2023-2024,COVID-19,1.26
2026,2025-2026,Influenza,0.00
2024,2024-2025,ILI,1.32
2025,2024-2025,ILI,1.52
2024,2024-2025,COVID-19,1.24
2024,2024-2025,Influenza,0.10
2024,2023-2024,RSV,0.02
2026,2025-2026,Broad Acute Respiratory,10.34
2024,2023-2024,Broad Acute Respiratory,11.56
2024,2023-2024,Influenza,0.05
2026,2025-2026,Broad Acute Respiratory,15.45
2026,2025-2026,Broad Acute Respiratory,19.52
2026,2025-2026,ILI,0.50
2025,2024-2025,Influenza,0.34
2026,2025-2026,Broad Acute Respiratory,6.37
2026,2025-2026,Broad Acute Respiratory,8.59
2026,2025-2026,Broad Acute Respiratory,13.88
2026,2025-2026,RSV,0.25
2025,2024-2025,COVID-19,0.41
2026,2025-2026,Influenza,0.92
2024,2024-2025,RSV,0.85
2024,2023-2024,RSV,0.01
2025,2025-2026,Broad Acute Respiratory,9.77
2024,2024-2025,Influenza,0.16
2026,2025-2026,RSV,0.03
2025,2024-2025,Influenza,5.30
2026,2025-2026,Influenza,0.75
2025,2025-2026,Broad Acute Respiratory,20.21
2025,2024-2025,COVID-19,0.41
2024,2024-2025,Broad Acute Respiratory,12.46
2024,2024-2025,COVID-19,0.36
2024,2024-2025,COVID-19,0.39
2026,2025-2026,Broad Acute Respiratory,14.15
2025,2024-2025,Broad Acute Respiratory,7.28
2026,2025-2026,RSV,0.04
2025,2025-2026,Influenza,0.06
2025,2024-2025,RSV,0.01
2026,2025-2026,COVID-19,0.12
2026,2025-2026,ILI,0.82
2024,2023-2024,Influenza,0.10
2024,2023-2024,Influenza,0.11
2025,2024-2025,ILI,0.61
2025,2025-2026,COVID-19,0.24
2026,2025-2026,RSV,0.07
2024,2024-2025,COVID-19,0.57
2025,2024-2025,RSV,0.01
2026,2025-2026,COVID-19,0.02
2024,2023-2024,Broad Acute Respiratory,8.90
2026,2025-2026,COVID-19,0.18
2024,2024-2025,COVID-19,0.36
2025,2024-2025,Influenza,4.24
2024,2024-2025,RSV,0.14
2026,2025-2026,ILI,1.84
2024,2023-2024,ILI,1.02
2024,2024-2025,Broad Acute Respiratory,14.45
2026,2025-2026,Influenza,0.03
2024,2024-2025,Broad Acute Respiratory,9.30
2024,2024-2025,Influenza,2.83
2025,2024-2025,ILI,4.30
2024,2024-2025,Broad Acute Respiratory,19.90
2025,2024-2025,Broad Acute Respiratory,11.41
2026,2025-2026,ILI,0.51
2026,2025-2026,Broad Acute Respiratory,7.42
2025,2025-2026,Broad Acute Respiratory,21.99
2025,2025-2026,RSV,0.03
2026,2025-2026,ILI,0.98
2024,2024-2025,Influenza,0.35
2025,2025-2026,RSV,0.58
2025,2025-2026,RSV,0.98
2026,2025-2026,COVID-19,0.03
2026,2025-2026,Influenza,0.15
2026,2025-2026,COVID-19,0.18
2026,2025-2026,ILI,0.62
2025,2024-2025,RSV,0.29
2025,2025-2026,ILI,1.05
2024,2023-2024,ILI,0.44
2025,2024-2025,Influenza,0.02
2024,2024-2025,ILI,1.19
2024,2024-2025,Influenza,0.54
2026,2025-2026,COVID-19,0.06
2024,2024-2025,RSV,0.08
2026,2025-2026,ILI,0.22
2025,2024-2025,Influenza,0.04
2024,2024-2025,ILI,1.83
2026,2025-2026,ILI,0.28
2024,2023-2024,ILI,1.30
2026,2025-2026,COVID-19,0.05
2025,2024-2025,RSV,0.03
2026,2025-2026,ILI,0.93
2026,2025-2026,Broad Acute Respiratory,14.28
2025,2024-2025,Influenza,6.26
2026,2025-2026,RSV,0.04
2024,2023-2024,COVID-19,1.11
2026,2025-2026,ILI,0.45
2025,2024-2025,Influenza,0.03
2024,2024-2025,COVID-19,0.84
2026,2025-2026,COVID-19,0.05
2025,2024-2025,RSV,0.00
2025,2025-2026,Influenza,0.53
2026,2025-2026,Influenza,0.08
2025,2024-2025,COVID-19,0.36
2026,2025-2026,Broad Acute Respiratory,9.25
2026,2025-2026,ILI,0.27
2025,2024-2025,Broad Acute Respiratory,6.92
2026,2025-2026,Broad Acute Respiratory,13.09
2025,2025-2026,Influenza,0.41
2026,2025-2026,Influenza,0.10
2026,2025-2026,Influenza,0.20
2025,2025-2026,Broad Acute Respiratory,9.02
2026,2025-2026,RSV,0.82
2025,2024-2025,COVID-19,0.53
2025,2024-2025,RSV,0.00
2025,2024-2025,Broad Acute Respiratory,11.05
2026,2025-2026,Broad Acute Respiratory,16.95
2025,2024-2025,ILI,0.56
2025,2025-2026,Broad Acute Respiratory,22.70
2026,2025-2026,COVID-19,0.08
2025,2024-2025,ILI,1.42
2024,2023-2024,Influenza,0.04
2025,2025-2026,Broad Acute Respiratory,9.57
2024,2023-2024,RSV,0.01
2024,2023-2024,RSV,0.03
2026,2025-2026,ILI,1.29
2026,2025-2026,ILI,2.70
2026,2025-2026,Influenza,0.85
2026,2025-2026,ILI,1.69
2025,2024-2025,ILI,3.34
2025,2024-2025,RSV,0.00
2024,2023-2024,Broad Acute Respiratory,8.25
2025,2025-2026,Broad Acute Respiratory,9.42
2025,2025-2026,COVID-19,0.36
2025,2024-2025,ILI,0.56
2026,2025-2026,COVID-19,1.36
2026,2025-2026,RSV,0.07
2025,2024-2025,Broad Acute Respiratory,6.78
2026,2025-2026,ILI,0.40
2025,2024-2025,ILI,1.08
2024,2023-2024,Influenza,0.08
2025,2024-2025,Influenza,0.05
2025,2025-2026,ILI,0.69
2025,2025-2026,ILI,0.47
2026,2025-2026,RSV,0.12
2025,2024-2025,RSV,0.64
2025,2024-2025,COVID-19,0.22
2025,2025-2026,Influenza,1.04
2025,2024-2025,ILI,0.29
2024,2024-2025,Broad Acute Respiratory,13.51
2026,2025-2026,ILI,0.95
2026,2025-2026,ILI,0.31
2026,2025-2026,RSV,0.02
2026,2025-2026,Broad Acute Respiratory,13.64
2025,2025-2026,ILI,0.43
2026,2025-2026,COVID-19,0.08
2024,2024-2025,Influenza,2.10
2025,2024-2025,ILI,0.50
2026,2025-2026,RSV,0.78
2026,2025-2026,Broad Acute Respiratory,8.85
2026,2025-2026,COVID-19,0.98
2026,2025-2026,RSV,0.01
2026,2025-2026,COVID-19,0.12
2025,2024-2025,Broad Acute Respiratory,9.18
2026,2025-2026,Broad Acute Respiratory,12.52
2025,2025-2026,RSV,0.53
2025,2025-2026,Influenza,0.05
2025,2024-2025,Broad Acute Respiratory,6.79
2025,2025-2026,RSV,0.66
2024,2023-2024,Broad Acute Respiratory,11.20
2026,2025-2026,COVID-19,0.05
2024,2023-2024,Broad Acute Respiratory,9.64
2024,2024-2025,RSV,0.04
2026,2025-2026,Influenza,0.04
2026,2025-2026,ILI,0.47
2025,2024-2025,Influenza,0.02
2025,2024-2025,COVID-19,1.23
2026,2025-2026,ILI,0.22
2026,2025-2026,Influenza,0.03
2024,2024-2025,Influenza,0.11
2025,2024-2025,COVID-19,0.76
2025,2025-2026,ILI,0.90
2025,2024-2025,Broad Acute Respiratory,19.70
2025,2024-2025,RSV,0.28
2025,2024-2025,Influenza,0.87
2025,2024-2025,Influenza,0.04
2026,2025-2026,Broad Acute Respiratory,13.19
2024,2023-2024,Broad Acute Respiratory,9.03
2025,2024-2025,Broad Acute Respiratory,18.17
2025,2024-2025,ILI,0.27
2025,2024-2025,RSV,1.09
2025,2024-2025,Influenza,5.18
2026,2025-2026,Influenza,0.06
2025,2024-2025,COVID-19,1.02
2025,2024-2025,Broad Acute Respiratory,12.73
2025,2024-2025,Influenza,3.11
2024,2024-2025,Broad Acute Respiratory,13.23
2025,2024-2025,ILI,1.09
2026,2025-2026,ILI,0.49
2026,2025-2026,COVID-19,0.05
2025,2024-2025,COVID-19,0.13
2025,2024-2025,ILI,0.37
2025,2025-2026,RSV,0.18
2025,2024-2025,Broad Acute Respiratory,14.34
2024,2024-2025,Influenza,5.56
2026,2025-2026,Influenza,0.92
2025,2025-2026,COVID-19,0.21
2024,2023-2024,ILI,0.67
2024,2024-2025,RSV,1.30
2025,2025-2026,COVID-19,0.76
2025,2024-2025,COVID-19,0.31
2026,2025-2026,COVID-19,0.10
2026,2025-2026,Influenza,0.27
2025,2024-2025,ILI,1.47
2025,2024-2025,Influenza,0.04
2026,2025-2026,RSV,0.04
2024,2024-2025,Broad Acute Respiratory,10.86
2024,2024-2025,RSV,0.93
2026,2025-2026,ILI,0.23
2024,2024-2025,ILI,2.93
2025,2024-2025,COVID-19,1.57
2024,2024-2025,Broad Acute Respiratory,16.09
2026,2025-2026,ILI,0.31
2026,2025-2026,RSV,0.32
2024,2024-2025,ILI,1.36
2024,2024-2025,RSV,0.78
2025,2024-2025,ILI,0.61
2025,2024-2025,ILI,4.26
2026,2025-2026,Broad Acute Respiratory,7.85
2025,2024-2025,Broad Acute Respiratory,9.46
2024,2023-2024,COVID-19,0.96
2025,2024-2025,Broad Acute Respiratory,8.41
2026,2025-2026,ILI,0.61
2025,2024-2025,RSV,0.01
2025,2025-2026,COVID-19,0.26
2024,2024-2025,Broad Acute Respiratory,11.07
2025,2024-2025,RSV,0.02
2026,2025-2026,RSV,0.51
2026,2025-2026,Influenza,0.05
2024,2024-2025,COVID-19,0.45
2026,2025-2026,ILI,2.09
2025,2024-2025,RSV,0.01
2025,2024-2025,Influenza,0.04
2025,2024-2025,ILI,1.24
2024,2024-2025,ILI,1.59
2026,2025-2026,Influenza,0.07
2026,2025-2026,Broad Acute Respiratory,9.71
2025,2024-2025,Broad Acute Respiratory,18.93
2025,2024-2025,Influenza,6.42
2025,2025-2026,Broad Acute Respiratory,13.05
2026,2025-2026,COVID-19,0.06
2024,2024-2025,COVID-19,1.38
2025,2024-2025,Influenza,0.07
2024,2023-2024,COVID-19,1.90
2025,2024-2025,COVID-19,0.65
2026,2025-2026,Influenza,0.25
2025,2024-2025,COVID-19,0.29
2026,2025-2026,RSV,0.25
2025,2024-2025,Broad Acute Respiratory,18.27
2026,2025-2026,Broad Acute Respiratory,10.69
2025,2024-2025,Influenza,4.49
2025,2025-2026,COVID-19,1.37
2026,2025-2026,Influenza,0.03
2025,2024-2025,ILI,1.15
2026,2025-2026,Influenza,0.01
2026,2025-2026,RSV,0.67
2025,2024-2025,Broad Acute Respiratory,10.70
2026,2025-2026,COVID-19,0.06
2026,2025-2026,RSV,0.04
2026,2025-2026,Influenza,0.02
2026,2025-2026,Influenza,0.56
2025,2025-2026,Influenza,0.09
2026,2025-2026,Influenza,0.02
2024,2024-2025,ILI,1.07
2025,2024-2025,Influenza,0.05
2026,2025-2026,Broad Acute Respiratory,5.22
2025,2024-2025,Broad Acute Respiratory,10.69
2025,2024-2025,Broad Acute Respiratory,9.77
2026,2025-2026,Influenza,0.03
2026,2025-2026,Influenza,1.44
2025,2024-2025,RSV,0.03
2026,2025-2026,RSV,0.01
2026,2025-2026,Broad Acute Respiratory,13.42
2026,2025-2026,COVID-19,0.09
2026,2025-2026,Influenza,0.40
2024,2023-2024,COVID-19,1.66
2026,2025-2026,Broad Acute Respiratory,9.93
2026,2025-2026,COVID-19,0.92
2025,2024-2025,COVID-19,1.18
2026,2025-2026,RSV,0.04
2025,2024-2025,ILI,0.98
2026,2025-2026,Broad Acute Respiratory,11.94
2025,2024-2025,ILI,0.37
2025,2024-2025,RSV,0.48
2026,2025-2026,ILI,0.83
2024,2023-2024,ILI,1.19
2025,2024-2025,ILI,0.79
2025,2025-2026,RSV,0.03
2024,2024-2025,COVID-19,0.70
2025,2024-2025,Broad Acute Respiratory,10.01
2025,2024-2025,COVID-19,1.45
2026,2025-2026,RSV,0.00
2025,2024-2025,RSV,0.04
2025,2024-2025,COVID-19,0.58
2025,2024-2025,Broad Acute Respiratory,16.15
2026,2025-2026,ILI,0.30
2026,2025-2026,ILI,1.05
2025,2024-2025,COVID-19,0.31
2025,2024-2025,RSV,0.80
2025,2024-2025,RSV,0.00
2025,2024-2025,Influenza,6.98
2025,2024-2025,COVID-19,0.41
2026,2025-2026,ILI,0.37
2026,2025-2026,Influenza,0.10
2025,2024-2025,COVID-19,0.45
2026,2025-2026,RSV,0.01
2026,2025-2026,RSV,0.00
2026,2025-2026,ILI,1.54
2025,2025-2026,Broad Acute Respiratory,10.66
2024,2023-2024,COVID-19,1.71
2026,2025-2026,COVID-19,0.55
2025,2024-2025,ILI,1.06
2024,2024-2025,Broad Acute Respiratory,12.83
2026,2025-2026,Influenza,1.43
2025,2024-2025,COVID-19,1.36
2026,2025-2026,Broad Acute Respiratory,6.33
2026,2025-2026,Influenza,0.18
2024,2024-2025,Influenza,0.11
2026,2025-2026,Broad Acute Respiratory,11.44
2026,2025-2026,Influenza,1.72
2024,2024-2025,ILI,2.24
2026,2025-2026,COVID-19,0.25
2025,2024-2025,RSV,0.05
2025,2024-2025,ILI,3.94
2026,2025-2026,ILI,0.56
2025,2024-2025,Broad Acute Respiratory,10.64
2026,2025-2026,Broad Acute Respiratory,9.51
2024,2024-2025,RSV,0.45
2026,2025-2026,COVID-19,0.06
2026,2025-2026,Influenza,0.08
2025,2024-2025,COVID-19,0.55
2026,2025-2026,RSV,1.03
2025,2024-2025,Influenza,0.05
2026,2025-2026,Broad Acute Respiratory,9.57
2026,2025-2026,COVID-19,0.05
2024,2023-2024,RSV,0.02
2026,2025-2026,RSV,0.05
2025,2025-2026,Influenza,8.93
2025,2024-2025,Influenza,0.46
2026,2025-2026,RSV,0.02
2025,2024-2025,RSV,0.00
2024,2023-2024,Influenza,0.06
2025,2024-2025,COVID-19,0.80
2025,2024-2025,Broad Acute Respiratory,12.41
2025,2024-2025,ILI,2.00
2026,2025-2026,ILI,0.30
2024,2024-2025,COVID-19,0.65
2026,2025-2026,COVID-19,0.03
2026,2025-2026,COVID-19,0.91
2025,2024-2025,RSV,0.02
2026,2025-2026,RSV,0.09
2024,2023-2024,COVID-19,1.48
2025,2025-2026,ILI,1.22
2024,2024-2025,ILI,0.43
2026,2025-2026,Broad Acute Respiratory,7.31
2026,2025-2026,COVID-19,0.04
2026,2025-2026,RSV,0.00
2026,2025-2026,COVID-19,0.07
2024,2023-2024,Broad Acute Respiratory,13.52
2024,2023-2024,RSV,0.00
2026,2025-2026,Broad Acute Respiratory,11.64
2026,2025-2026,RSV,0.14
2024,2024-2025,ILI,0.30
2025,2024-2025,COVID-19,0.19
2025,2024-2025,Broad Acute Respiratory,19.35
2025,2024-2025,Influenza,2.10
2025,2024-2025,COVID-19,1.32
2025,2025-2026,Influenza,0.80
2026,2025-2026,Broad Acute Respiratory,13.58
2026,2025-2026,Broad Acute Respiratory,15.58
2024,2023-2024,ILI,0.97
2024,2024-2025,ILI,4.22
2026,2025-2026,Broad Acute Respiratory,7.40
2024,2023-2024,COVID-19,1.74
2024,2024-2025,Influenza,1.54
2024,2023-2024,RSV,0.00
2026,2025-2026,ILI,0.55
2025,2024-2025,Broad Acute Respiratory,6.74
2026,2025-2026,ILI,1.13
2025,2024-2025,RSV,0.40
2026,2025-2026,ILI,0.55
2024,2023-2024,Influenza,0.08
2025,2024-2025,ILI,1.03
2026,2025-2026,Broad Acute Respiratory,14.08
2026,2025-2026,Influenza,1.66
2026,2025-2026,RSV,0.90
2025,2024-2025,COVID-19,0.26
2025,2024-2025,RSV,0.12
2024,2024-2025,Influenza,0.29
2025,2025-2026,COVID-19,0.30
2025,2024-2025,Broad Acute Respiratory,17.39
2025,2025-2026,ILI,4.77
2026,2025-2026,COVID-19,0.15
2025,2024-2025,COVID-19,1.17
2025,2025-2026,RSV,0.00
2025,2025-2026,Broad Acute Respiratory,14.82
2026,2025-2026,Broad Acute Respiratory,8.97
2026,2025-2026,RSV,0.55
2025,2025-2026,COVID-19,0.25
2026,2025-2026,COVID-19,0.84
2026,2025-2026,COVID-19,0.13
2026,2025-2026,RSV,0.75
2026,2025-2026,RSV,0.32
2026,2025-2026,Broad Acute Respiratory,12.24
2025,2024-2025,Influenza,0.03
2025,2024-2025,Broad Acute Respiratory,13.03
2026,2025-2026,Influenza,0.10
2025,2025-2026,ILI,0.43
2026,2025-2026,RSV,0.07
2026,2025-2026,ILI,0.95
2026,2025-2026,RSV,0.20
2026,2025-2026,Influenza,0.04
2026,2025-2026,Broad Acute Respiratory,14.05
2026,2025-2026,Influenza,0.10
2026,2025-2026,Influenza,2.79
2026,2025-2026,COVID-19,0.05
2026,2025-2026,Broad Acute Respiratory,13.67
2025,2024-2025,Influenza,0.46
2025,2024-2025,Influenza,0.06
2026,2025-2026,COVID-19,0.74
2024,2024-2025,ILI,0.38
2026,2025-2026,ILI,0.32
2025,2024-2025,RSV,0.02
2026,2025-2026,Broad Acute Respiratory,16.40
2025,2024-2025,ILI,0.88
2026,2025-2026,COVID-19,0.05
2026,2025-2026,ILI,1.01
2025,2024-2025,ILI,3.50
2025,2025-2026,Influenza,0.09
2026,2025-2026,Broad Acute Respiratory,11.41
2026,2025-2026,COVID-19,1.10
2025,2024-2025,RSV,0.00
2025,2024-2025,ILI,3.57
2024,2023-2024,RSV,0.07
2024,2024-2025,RSV,1.23
2025,2024-2025,RSV,0.30
2024,2024-2025,COVID-19,1.70
2024,2024-2025,Broad Acute Respiratory,21.51
2024,2024-2025,Broad Acute Respiratory,12.35
2025,2025-2026,Influenza,0.08
2025,2025-2026,ILI,1.12
2026,2025-2026,ILI,0.59
2024,2023-2024,Influenza,0.02
2024,2023-2024,COVID-19,0.56
2025,2025-2026,Influenza,4.95
2025,2024-2025,COVID-19,0.91
2026,2025-2026,RSV,0.61
2025,2025-2026,Influenza,2.51
2024,2024-2025,RSV,0.02
2025,2024-2025,ILI,0.88
2025,2024-2025,Influenza,0.20
2024,2024-2025,RSV,0.04
2026,2025-2026,ILI,0.72
2024,2024-2025,ILI,1.53
2026,2025-2026,ILI,0.68
2024,2024-2025,Influenza,4.06
2025,2025-2026,RSV,0.07
2026,2025-2026,COVID-19,1.58
2025,2025-2026,Influenza,0.02
2024,2024-2025,Broad Acute Respiratory,17.00
2025,2024-2025,Broad Acute Respiratory,16.10
2024,2024-2025,COVID-19,1.70
2025,2024-2025,Broad Acute Respiratory,19.87
2025,2024-2025,Influenza,1.19
2025,2024-2025,RSV,0.03
2025,2024-2025,RSV,0.10
2025,2025-2026,COVID-19,1.73
2025,2024-2025,COVID-19,0.48
2024,2024-2025,RSV,1.65
2026,2025-2026,Influenza,2.05
2026,2025-2026,ILI,0.90
2025,2025-2026,RSV,0.51
2024,2023-2024,ILI,0.28
2025,2024-2025,ILI,2.04
2024,2024-2025,ILI,0.40
2025,2024-2025,Influenza,4.75
2024,2023-2024,Broad Acute Respiratory,11.52
2024,2024-2025,RSV,1.72
2025,2024-2025,RSV,0.21
2025,2024-2025,ILI,0.48
2025,2024-2025,Influenza,0.08
2025,2024-2025,ILI,0.33
2024,2023-2024,ILI,0.36
2024,2024-2025,Broad Acute Respiratory,10.14
2025,2024-2025,RSV,0.02
2024,2023-2024,RSV,0.05
2026,2025-2026,RSV,0.58
2025,2024-2025,Broad Acute Respiratory,9.67
2025,2024-2025,COVID-19,0.26
2025,2025-2026,COVID-19,0.38
2025,2024-2025,Influenza,4.06
2024,2024-2025,COVID-19,1.07
2025,2024-2025,Broad Acute Respiratory,12.61
2024,2024-2025,COVID-19,0.50
2025,2024-2025,ILI,1.20
2024,2023-2024,Broad Acute Respiratory,9.35
2025,2024-2025,Influenza,0.06
2025,2024-2025,RSV,0.07
2024,2024-2025,COVID-19,0.56
2025,2024-2025,Broad Acute Respiratory,17.91
2024,2023-2024,Influenza,0.05
2025,2024-2025,ILI,0.11
2025,2024-2025,COVID-19,0.19
2025,2024-2025,COVID-19,0.30
2025,2025-2026,Broad Acute Respiratory,13.56
2025,2024-2025,Influenza,0.16
2024,2024-2025,Influenza,3.60
2025,2024-2025,ILI,0.71
2025,2024-2025,Influenza,0.07
2025,2024-2025,RSV,0.65
2024,2024-2025,ILI,1.16
2025,2024-2025,COVID-19,0.14
2015,2015-2016,ILI,3.63
2015,2015-2016,ILI,3.87
2015,2015-2016,ILI,3.96
2015,2015-2016,ILI,4.01
2015,2015-2016,ILI,4.14
2015,2015-2016,ILI,4.74
2015,2015-2016,ILI,4.40
2015,2015-2016,ILI,4.80
2015,2015-2016,ILI,5.17
2015,2015-2016,ILI,5.32
2015,2015-2016,ILI,5.76
2015,2015-2016,ILI,6.41
2015,2015-2016,ILI,6.52
null,2015-2016,ILI,6.18
2016,2015-2016,ILI,6.00
2016,2015-2016,ILI,5.79
2016,2015-2016,ILI,5.33
2016,2015-2016,ILI,5.69
2016,2015-2016,ILI,6.32
2016,2015-2016,ILI,7.03
2016,2015-2016,ILI,7.54
2016,2015-2016,ILI,7.43
2016,2015-2016,ILI,7.96
2016,2015-2016,ILI,6.56
2016,2015-2016,ILI,5.86
2016,2015-2016,ILI,5.13
2016,2015-2016,ILI,5.20
2016,2015-2016,ILI,4.34
2016,2015-2016,ILI,4.17
2016,2015-2016,ILI,3.33
2016,2015-2016,ILI,3.21
2016,2015-2016,ILI,3.03
2016,2015-2016,ILI,3.84
2016,2015-2016,ILI,3.18
2016,2015-2016,ILI,2.90
2016,2015-2016,ILI,2.72
2016,2015-2016,ILI,2.74
2016,2015-2016,ILI,2.46
2016,2015-2016,ILI,2.94
2016,2015-2016,ILI,3.00
2016,2015-2016,ILI,2.88
2016,2015-2016,ILI,2.25
2016,2015-2016,ILI,2.46
2016,2015-2016,ILI,2.37
2016,2015-2016,ILI,1.98
2016,2015-2016,ILI,1.79
2016,2015-2016,ILI,1.93
2016,2015-2016,ILI,2.49
2016,2015-2016,ILI,2.13
2016,2015-2016,ILI,3.40
2016,2015-2016,ILI,3.63
2016,2015-2016,ILI,3.20
2016,2015-2016,ILI,4.08
2016,2016-2017,ILI,3.17
2016,2016-2017,ILI,3.03
2016,2016-2017,ILI,3.84
2016,2016-2017,ILI,3.98
2016,2016-2017,ILI,4.78
2016,2016-2017,ILI,4.60
2016,2016-2017,ILI,4.68
2016,2016-2017,ILI,5.20
2016,2016-2017,ILI,5.03
2016,2016-2017,ILI,5.21
2016,2016-2017,ILI,6.09
2016,2016-2017,ILI,5.26
2016,2016-2017,ILI,5.99
null,2016-2017,ILI,5.88
2017,2016-2017,ILI,5.79
2017,2016-2017,ILI,5.06
2017,2016-2017,ILI,4.82
2017,2016-2017,ILI,5.48
2017,2016-2017,ILI,5.94
2017,2016-2017,ILI,6.97
2017,2016-2017,ILI,8.43
2017,2016-2017,ILI,7.95
2017,2016-2017,ILI,6.83
2017,2016-2017,ILI,6.96
2017,2016-2017,ILI,6.59
2017,2016-2017,ILI,6.15
2017,2016-2017,ILI,5.82
2017,2016-2017,ILI,5.03
2017,2016-2017,ILI,3.68
2017,2016-2017,ILI,3.66
2017,2016-2017,ILI,3.56
2017,2016-2017,ILI,3.79
2017,2016-2017,ILI,4.42
2017,2016-2017,ILI,3.83
2017,2016-2017,ILI,4.30
2017,2016-2017,ILI,3.87
2017,2016-2017,ILI,3.10
2017,2016-2017,ILI,2.61
2017,2016-2017,ILI,2.58
2017,2016-2017,ILI,2.76
2017,2016-2017,ILI,2.06
2017,2016-2017,ILI,2.17
2017,2016-2017,ILI,1.78
2017,2016-2017,ILI,1.63
2017,2016-2017,ILI,1.67
2017,2016-2017,ILI,1.94
2017,2016-2017,ILI,1.73
2017,2016-2017,ILI,2.02
2017,2016-2017,ILI,2.24
2017,2016-2017,ILI,2.53
2017,2016-2017,ILI,3.70
2017,2016-2017,ILI,3.89
2017,2016-2017,ILI,3.42
2017,2017-2018,ILI,2.94
2017,2017-2018,ILI,3.11
2017,2017-2018,ILI,1.27
2017,2017-2018,ILI,1.67
2017,2017-2018,ILI,1.51
2017,2017-2018,ILI,2.71
2017,2017-2018,ILI,2.79
2017,2017-2018,ILI,2.36
2017,2017-2018,ILI,2.62
2017,2017-2018,ILI,2.39
2017,2017-2018,ILI,3.14
2017,2017-2018,ILI,3.98
2017,2017-2018,ILI,5.50
null,2017-2018,ILI,3.84
2017,2017-2018,ILI,2.38
2018,2017-2018,ILI,3.56
2018,2017-2018,ILI,3.34
2018,2017-2018,ILI,3.24
2018,2017-2018,ILI,5.47
2018,2017-2018,ILI,5.58
2018,2017-2018,ILI,3.55
2018,2017-2018,ILI,3.10
2018,2017-2018,ILI,2.20
2018,2017-2018,ILI,2.11
2018,2017-2018,ILI,2.52
2018,2017-2018,ILI,2.28
2018,2017-2018,ILI,1.95
2018,2017-2018,ILI,1.94
2018,2017-2018,ILI,1.68
2018,2017-2018,ILI,1.49
2018,2017-2018,ILI,2.02
2018,2017-2018,ILI,1.73
2018,2017-2018,ILI,1.63
2018,2017-2018,ILI,1.55
2018,2017-2018,ILI,1.81
2018,2017-2018,ILI,1.52
2018,2017-2018,ILI,1.36
2018,2017-2018,ILI,0.80
2018,2017-2018,ILI,0.87
2018,2017-2018,ILI,0.73
2018,2017-2018,ILI,0.55
2018,2017-2018,ILI,0.71
2018,2017-2018,ILI,0.49
2018,2017-2018,ILI,0.49
2018,2017-2018,ILI,0.59
2018,2017-2018,ILI,0.56
2018,2017-2018,ILI,0.51
2018,2017-2018,ILI,0.61
2018,2017-2018,ILI,0.85
2018,2017-2018,ILI,0.80
2018,2017-2018,ILI,1.78
2018,2017-2018,ILI,1.80
2018,2017-2018,ILI,1.42
2018,2018-2019,ILI,1.23
2018,2018-2019,ILI,1.21
2018,2018-2019,ILI,1.66
2018,2018-2019,ILI,1.50
2018,2018-2019,ILI,1.98
2018,2018-2019,ILI,1.83
2018,2018-2019,ILI,1.79
2018,2018-2019,ILI,2.26
2018,2018-2019,ILI,2.24
2018,2018-2019,ILI,2.68
2018,2018-2019,ILI,2.99
2018,2018-2019,ILI,2.54
2018,2018-2019,ILI,3.23
null,2018-2019,ILI,2.78
2018,2018-2019,ILI,2.40
2019,2018-2019,ILI,2.22
2019,2018-2019,ILI,2.07
2019,2018-2019,ILI,2.37
2019,2018-2019,ILI,2.33
2019,2018-2019,ILI,1.18
2019,2018-2019,ILI,1.91
2019,2018-2019,ILI,2.08
2019,2018-2019,ILI,1.82
2019,2018-2019,ILI,2.02
2019,2018-2019,ILI,2.72
2019,2018-2019,ILI,2.23
2019,2018-2019,ILI,2.44
2019,2018-2019,ILI,2.66
2019,2018-2019,ILI,1.95
2019,2018-2019,ILI,2.18
2019,2018-2019,ILI,1.32
2019,2018-2019,ILI,1.39
2019,2018-2019,ILI,1.90
2019,2018-2019,ILI,2.16
2019,2018-2019,ILI,1.63
2019,2018-2019,ILI,1.89
2019,2018-2019,ILI,1.59
2019,2018-2019,ILI,1.35
2019,2018-2019,ILI,1.31
2019,2018-2019,ILI,1.33
2019,2018-2019,ILI,1.04
2019,2018-2019,ILI,0.73
2019,2018-2019,ILI,1.03
2019,2018-2019,ILI,0.57
2019,2018-2019,ILI,0.77
2019,2018-2019,ILI,0.87
2019,2018-2019,ILI,0.57
2019,2018-2019,ILI,0.32
2019,2018-2019,ILI,0.82
2019,2018-2019,ILI,1.17
2019,2018-2019,ILI,2.20
2019,2018-2019,ILI,2.48
2019,2018-2019,ILI,1.72
2019,2019-2020,ILI,1.66
2019,2019-2020,ILI,1.57
2019,2019-2020,ILI,1.89
2019,2019-2020,ILI,1.72
2019,2019-2020,ILI,1.72
2019,2019-2020,ILI,1.98
2019,2019-2020,ILI,1.91
2019,2019-2020,ILI,1.86
2019,2019-2020,ILI,2.26
2019,2019-2020,ILI,2.86
2019,2019-2020,ILI,3.46
2019,2019-2020,ILI,3.60
2019,2019-2020,ILI,5.82
null,2019-2020,ILI,4.85
2019,2019-2020,ILI,3.93
2020,2019-2020,ILI,3.01
2020,2019-2020,ILI,3.26
2020,2019-2020,ILI,3.51
2020,2019-2020,ILI,4.27
2020,2019-2020,ILI,3.74
2020,2019-2020,ILI,4.83
2020,2019-2020,ILI,3.34
2020,2019-2020,ILI,2.81
2020,2019-2020,ILI,3.73
2020,2019-2020,ILI,4.24
2020,2019-2020,ILI,4.82
2020,2019-2020,ILI,4.00
2020,2019-2020,ILI,1.97
2020,2019-2020,ILI,1.19
2020,2019-2020,ILI,1.06
2020,2019-2020,ILI,0.73
2020,2019-2020,ILI,0.45
2020,2019-2020,ILI,0.17
2020,2019-2020,ILI,0.32
2020,2019-2020,ILI,0.12
2020,2019-2020,ILI,0.28
2020,2019-2020,ILI,0.16
2020,2019-2020,ILI,0.06
2020,2019-2020,ILI,0.04
2020,2019-2020,ILI,0.13
2020,2019-2020,ILI,0.17
2020,2019-2020,ILI,0.29
2020,2019-2020,ILI,0.42
2020,2019-2020,ILI,0.31
2020,2019-2020,ILI,0.43
2020,2019-2020,ILI,0.49
2020,2019-2020,ILI,0.19
2020,2019-2020,ILI,0.43
2020,2019-2020,ILI,0.31
2020,2019-2020,ILI,0.19
2020,2019-2020,ILI,0.30
2020,2019-2020,ILI,0.33
2020,2019-2020,ILI,0.53
2020,2020-2021,ILI,0.50
2020,2020-2021,ILI,0.66
2020,2020-2021,ILI,0.35
2020,2020-2021,ILI,0.46
2020,2020-2021,ILI,0.56
2020,2020-2021,ILI,0.64
2020,2020-2021,ILI,0.74
2020,2020-2021,ILI,0.72
2020,2020-2021,ILI,0.48
2020,2020-2021,ILI,0.47
2020,2020-2021,ILI,0.34
2020,2020-2021,ILI,0.21
2020,2020-2021,ILI,0.39
2020,2020-2021,ILI,0.30
2021,2020-2021,ILI,0.24
2021,2020-2021,ILI,0.24
2021,2020-2021,ILI,0.30
2021,2020-2021,ILI,0.38
2021,2020-2021,ILI,0.36
2021,2020-2021,ILI,0.40
2021,2020-2021,ILI,0.39
2021,2020-2021,ILI,0.34
2021,2020-2021,ILI,0.43
2021,2020-2021,ILI,0.49
2021,2020-2021,ILI,0.19
2021,2020-2021,ILI,0.72
2021,2020-2021,ILI,0.41
2021,2020-2021,ILI,0.60
2021,2020-2021,ILI,0.45
2021,2020-2021,ILI,0.88
2021,2020-2021,ILI,0.67
2021,2020-2021,ILI,0.63
2021,2020-2021,ILI,0.95
2021,2020-2021,ILI,0.88
2021,2020-2021,ILI,0.70
2021,2020-2021,ILI,0.87
2021,2020-2021,ILI,0.82
2021,2020-2021,ILI,1.03
2021,2020-2021,ILI,0.71
2021,2020-2021,ILI,0.74
2021,2020-2021,ILI,0.71
2021,2020-2021,ILI,0.99
2021,2020-2021,ILI,1.13
2021,2020-2021,ILI,1.07
2021,2020-2021,ILI,0.86
2021,2020-2021,ILI,0.78
2021,2020-2021,ILI,0.93
2021,2020-2021,ILI,0.47
2021,2020-2021,ILI,0.90
2021,2020-2021,ILI,0.94
2021,2020-2021,ILI,1.69
2021,2020-2021,ILI,1.82
2021,2020-2021,ILI,1.82
2021,2021-2022,ILI,1.37
2021,2021-2022,ILI,1.04
2021,2021-2022,ILI,1.24
2021,2021-2022,ILI,1.64
2021,2021-2022,ILI,1.86
2021,2021-2022,ILI,1.46
2021,2021-2022,ILI,1.80
2021,2021-2022,ILI,1.42
2021,2021-2022,ILI,1.60
2021,2021-2022,ILI,1.52
2021,2021-2022,ILI,1.48
2021,2021-2022,ILI,2.06
2021,2021-2022,ILI,1.39
null,2021-2022,ILI,1.56
2022,2021-2022,ILI,1.68
2022,2021-2022,ILI,1.14
2022,2021-2022,ILI,0.66
2022,2021-2022,ILI,0.57
2022,2021-2022,ILI,0.39
2022,2021-2022,ILI,0.53
2022,2021-2022,ILI,0.78
2022,2021-2022,ILI,0.90
2022,2021-2022,ILI,0.86
2022,2021-2022,ILI,1.11
2022,2021-2022,ILI,1.60
2022,2021-2022,ILI,1.83
2022,2021-2022,ILI,1.35
2022,2021-2022,ILI,1.97
2022,2021-2022,ILI,1.74
2022,2021-2022,ILI,1.55
2022,2021-2022,ILI,1.79
2022,2021-2022,ILI,1.49
2022,2021-2022,ILI,1.94
2022,2021-2022,ILI,2.10
2022,2021-2022,ILI,2.27
2022,2021-2022,ILI,1.94
2022,2021-2022,ILI,1.82
2022,2021-2022,ILI,0.98
2022,2021-2022,ILI,1.27
2022,2021-2022,ILI,1.30
2022,2021-2022,ILI,0.77
2022,2021-2022,ILI,0.47
2022,2021-2022,ILI,0.70
2022,2021-2022,ILI,0.68
2022,2021-2022,ILI,0.78
2022,2021-2022,ILI,0.66
2022,2021-2022,ILI,0.51
2022,2021-2022,ILI,1.21
2022,2021-2022,ILI,1.47
2022,2021-2022,ILI,2.02
2022,2021-2022,ILI,1.42
2022,2021-2022,ILI,1.84
2022,2021-2022,ILI,1.59
2022,2022-2023,ILI,2.29
2022,2022-2023,ILI,2.10
2022,2022-2023,ILI,2.47
2022,2022-2023,ILI,2.35
2022,2022-2023,ILI,2.75
2022,2022-2023,ILI,3.24
2022,2022-2023,ILI,3.51
2022,2022-2023,ILI,3.00
2022,2022-2023,ILI,3.27
2022,2022-2023,ILI,3.32
2022,2022-2023,ILI,2.54
2022,2022-2023,ILI,2.40
2022,2022-2023,ILI,1.55
null,2022-2023,ILI,1.15
2023,2022-2023,ILI,0.86
2023,2022-2023,ILI,0.81
2023,2022-2023,ILI,0.86
2023,2022-2023,ILI,1.38
2023,2022-2023,ILI,1.31
2023,2022-2023,ILI,1.04
2023,2022-2023,ILI,1.16
2023,2022-2023,ILI,1.39
2023,2022-2023,ILI,1.51
2023,2022-2023,ILI,1.09
2023,2022-2023,ILI,1.61
2023,2022-2023,ILI,1.47
2023,2022-2023,ILI,1.31
2023,2022-2023,ILI,0.92
2023,2022-2023,ILI,0.82
2023,2022-2023,ILI,0.68
2023,2022-2023,ILI,0.78
2023,2022-2023,ILI,0.84
2023,2022-2023,ILI,0.85
2023,2022-2023,ILI,0.90
2023,2022-2023,ILI,0.90
2023,2022-2023,ILI,0.92
2023,2022-2023,ILI,0.59
2023,2022-2023,ILI,0.53
2023,2022-2023,ILI,0.45
2023,2022-2023,ILI,0.31
2023,2022-2023,ILI,0.37
2023,2022-2023,ILI,0.24
2023,2022-2023,ILI,0.43
2023,2022-2023,ILI,0.27
2023,2022-2023,ILI,0.38
2023,2022-2023,ILI,0.23
2023,2022-2023,ILI,0.38
2023,2022-2023,ILI,0.47
2023,2022-2023,ILI,1.00
2023,2022-2023,ILI,0.97
2023,2022-2023,ILI,1.12
2023,2022-2023,ILI,1.23
2023,2022-2023,ILI,0.70
2023,2023-2024,ILI,1.10
2023,2023-2024,ILI,1.29
2023,2023-2024,ILI,1.15
2023,2023-2024,ILI,1.74
2023,2023-2024,ILI,1.29
2023,2023-2024,ILI,1.91
2023,2023-2024,ILI,2.50
2023,2023-2024,ILI,1.71
2023,2023-2024,ILI,1.96
2023,2023-2024,ILI,1.81
2023,2023-2024,ILI,1.77
2023,2023-2024,ILI,1.83
2023,2023-2024,ILI,1.96
null,2023-2024,ILI,1.78
2023,2023-2024,ILI,1.66
2024,2023-2024,ILI,1.67
2024,2023-2024,ILI,1.13
2024,2023-2024,ILI,0.71
2024,2023-2024,ILI,1.11
2024,2023-2024,ILI,1.13
2024,2023-2024,ILI,1.22
2024,2023-2024,ILI,1.29
2024,2023-2024,ILI,1.21
2024,2023-2024,ILI,1.03
2024,2023-2024,ILI,1.11
2024,2023-2024,ILI,1.16
2024,2023-2024,ILI,0.78
2024,2023-2024,ILI,1.15
2024,2023-2024,ILI,0.90
2024,2023-2024,ILI,1.20
2024,2023-2024,ILI,0.89
2024,2023-2024,ILI,0.86
2024,2023-2024,ILI,1.10
2024,2023-2024,ILI,0.72
2024,2023-2024,ILI,1.12
2024,2023-2024,ILI,0.54
2024,2023-2024,ILI,0.60
2024,2023-2024,ILI,0.53
2024,2023-2024,ILI,0.52
2024,2023-2024,ILI,0.50
2024,2023-2024,ILI,0.20
2024,2023-2024,ILI,0.29
2024,2023-2024,ILI,0.20
2024,2023-2024,ILI,0.35
2024,2023-2024,ILI,0.22
2024,2023-2024,ILI,0.27
2024,2023-2024,ILI,0.36
2024,2023-2024,ILI,0.44
2024,2023-2024,ILI,0.58
2024,2023-2024,ILI,1.01
2024,2023-2024,ILI,1.51
2024,2023-2024,ILI,0.78
2024,2023-2024,ILI,0.63
2024,2024-2025,ILI,0.58
2024,2024-2025,ILI,0.72
2024,2024-2025,ILI,0.65
2024,2024-2025,ILI,0.77
2024,2024-2025,ILI,1.05
2024,2024-2025,ILI,0.71
2024,2024-2025,ILI,1.03
2024,2024-2025,ILI,1.34
2024,2024-2025,ILI,0.96
2024,2024-2025,ILI,1.28
2024,2024-2025,ILI,1.25
2024,2024-2025,ILI,1.89
2024,2024-2025,ILI,2.09
null,2024-2025,ILI,1.98
2024,2024-2025,ILI,1.91
2025,2024-2025,ILI,1.68
2025,2024-2025,ILI,2.10
2025,2024-2025,ILI,2.14
2025,2024-2025,ILI,1.72
2025,2024-2025,ILI,1.89
2025,2024-2025,ILI,1.74
2025,2024-2025,ILI,1.95
2025,2024-2025,ILI,1.33
2025,2024-2025,ILI,1.12
2025,2024-2025,ILI,1.37
2025,2024-2025,ILI,1.16
2025,2024-2025,ILI,1.42
2025,2024-2025,ILI,1.05
2025,2024-2025,ILI,0.95
2025,2024-2025,ILI,1.24
2025,2024-2025,ILI,0.91
2025,2024-2025,ILI,0.89
2025,2024-2025,ILI,1.07
2025,2024-2025,ILI,0.99
2025,2024-2025,ILI,1.23
2025,2024-2025,ILI,1.24
2025,2024-2025,ILI,0.98
2025,2024-2025,ILI,0.70
2025,2024-2025,ILI,0.54
2025,2024-2025,ILI,0.40
2025,2024-2025,ILI,0.64
2025,2024-2025,ILI,0.39
2025,2024-2025,ILI,0.48
2025,2024-2025,ILI,0.39
2025,2024-2025,ILI,0.38
2025,2024-2025,ILI,0.46
2025,2024-2025,ILI,0.52
2025,2024-2025,ILI,0.48
2025,2024-2025,ILI,1.32
2025,2024-2025,ILI,1.92
2025,2024-2025,ILI,1.31
2025,2024-2025,ILI,0.92
2025,2024-2025,ILI,0.75
2025,2024-2025,Influenza,0.05
2026,2025-2026,ILI,1.03
2025,2025-2026,ILI,2.84
2025,2024-2025,RSV,0.60
2025,2024-2025,ILI,0.53
2024,2023-2024,COVID-19,1.08
2026,2025-2026,ILI,1.46
2025,2024-2025,RSV,0.05
2024,2024-2025,Broad Acute Respiratory,13.46
2024,2024-2025,ILI,0.36
2025,2024-2025,Broad Acute Respiratory,15.09
2024,2024-2025,Influenza,0.11
2025,2025-2026,ILI,0.30
2025,2024-2025,Broad Acute Respiratory,11.30
2024,2024-2025,RSV,0.02
2024,2024-2025,RSV,1.17
2025,2025-2026,ILI,0.88
2025,2024-2025,ILI,0.53
2025,2025-2026,RSV,0.05
2024,2023-2024,Broad Acute Respiratory,7.72
2025,2025-2026,Influenza,0.31
2025,2024-2025,ILI,0.39
2024,2024-2025,Broad Acute Respiratory,13.30
2026,2025-2026,ILI,1.38
2025,2025-2026,RSV,0.07
2025,2024-2025,Influenza,3.96
2025,2024-2025,COVID-19,0.39
2025,2024-2025,ILI,1.13
2024,2024-2025,ILI,1.23
2026,2025-2026,ILI,1.33
2025,2024-2025,COVID-19,1.02
2025,2024-2025,Broad Acute Respiratory,10.54
2026,2025-2026,ILI,0.96
2025,2025-2026,ILI,0.80
2024,2024-2025,Influenza,0.10
2026,2025-2026,RSV,0.48
2025,2024-2025,Broad Acute Respiratory,11.13
2025,2025-2026,RSV,0.34
2025,2025-2026,COVID-19,0.97
2024,2024-2025,Influenza,0.17
2025,2024-2025,COVID-19,0.48
2024,2023-2024,Broad Acute Respiratory,11.47
2026,2025-2026,Influenza,2.14
2026,2025-2026,ILI,1.08
2025,2024-2025,ILI,0.20
2026,2025-2026,ILI,0.41
2024,2023-2024,RSV,0.01
2024,2024-2025,Influenza,0.16
2025,2024-2025,COVID-19,0.86
2024,2023-2024,RSV,0.00
2026,2025-2026,ILI,1.23
2026,2025-2026,COVID-19,0.23
2025,2024-2025,Influenza,0.08
2026,2025-2026,COVID-19,0.31
2025,2024-2025,Influenza,0.03
2025,2024-2025,Broad Acute Respiratory,11.41
2024,2024-2025,RSV,0.26
2025,2024-2025,COVID-19,0.10
2025,2025-2026,COVID-19,0.24
2025,2024-2025,COVID-19,0.72
2025,2024-2025,Influenza,0.07
2024,2024-2025,COVID-19,0.85
2025,2025-2026,ILI,1.19
2025,2024-2025,Influenza,0.09
2025,2024-2025,COVID-19,0.42
2025,2025-2026,COVID-19,0.68
2024,2024-2025,COVID-19,0.42
2024,2023-2024,Influenza,0.07
2024,2023-2024,Influenza,0.12
2025,2025-2026,Influenza,1.06
2025,2024-2025,ILI,3.49
2025,2025-2026,RSV,0.10
2024,2023-2024,ILI,0.26
2026,2025-2026,ILI,0.95
2025,2024-2025,Broad Acute Respiratory,13.86
2025,2024-2025,RSV,0.00
2024,2023-2024,ILI,0.58
2024,2024-2025,ILI,1.56
2026,2025-2026,ILI,1.34
2024,2023-2024,ILI,0.54
2025,2025-2026,COVID-19,0.43
2025,2024-2025,Broad Acute Respiratory,11.76
2024,2023-2024,Broad Acute Respiratory,12.23
2025,2025-2026,RSV,0.22
2024,2023-2024,COVID-19,1.63
2025,2024-2025,RSV,0.01
2024,2023-2024,Broad Acute Respiratory,7.80
2025,2024-2025,Broad Acute Respiratory,13.29
2025,2024-2025,RSV,0.07
2026,2025-2026,ILI,0.83
2026,2025-2026,ILI,1.69
2026,2025-2026,ILI,0.69
2024,2024-2025,Broad Acute Respiratory,13.19
2025,2024-2025,RSV,0.01
2025,2024-2025,Broad Acute Respiratory,15.51
2025,2025-2026,ILI,0.90
2024,2023-2024,Influenza,0.05
2026,2025-2026,ILI,0.96
2025,2024-2025,Influenza,0.77
2025,2025-2026,ILI,1.31
2025,2024-2025,Influenza,0.02
2024,2024-2025,ILI,0.35
2024,2024-2025,ILI,1.27
2025,2024-2025,Broad Acute Respiratory,12.93
2025,2025-2026,COVID-19,0.20
2025,2025-2026,ILI,1.07
2024,2023-2024,Broad Acute Respiratory,12.69
2025,2025-2026,ILI,1.30
2026,2025-2026,ILI,1.71
2024,2024-2025,Influenza,0.02
2025,2025-2026,ILI,0.93
2025,2024-2025,RSV,0.02
2026,2025-2026,ILI,0.77
2025,2025-2026,ILI,0.79
2025,2024-2025,Broad Acute Respiratory,13.27
2025,2024-2025,Influenza,0.14
2025,2025-2026,ILI,1.00
2025,2025-2026,RSV,0.07
2026,2025-2026,RSV,0.52
2024,2024-2025,RSV,0.18
2025,2025-2026,ILI,1.32
2025,2024-2025,ILI,0.32
2024,2024-2025,Broad Acute Respiratory,10.55
2025,2024-2025,RSV,0.39
2024,2023-2024,RSV,0.01
2024,2024-2025,COVID-19,0.41
2025,2025-2026,ILI,2.23
2025,2025-2026,ILI,1.18
2024,2024-2025,RSV,0.05
2026,2025-2026,ILI,1.57
2025,2024-2025,Influenza,0.24
2025,2024-2025,ILI,0.24
2025,2024-2025,ILI,0.56
2024,2024-2025,COVID-19,0.46
2025,2024-2025,Broad Acute Respiratory,19.25
2026,2025-2026,ILI,1.40
2026,2025-2026,ILI,1.53
2025,2024-2025,ILI,0.27
2025,2024-2025,COVID-19,0.20
2025,2025-2026,ILI,0.51
2025,2024-2025,COVID-19,0.37
2025,2025-2026,Influenza,0.07
2025,2024-2025,ILI,1.43
2024,2024-2025,RSV,0.51
2025,2024-2025,RSV,0.15
2025,2025-2026,Broad Acute Respiratory,12.59
2025,2025-2026,ILI,0.98
2025,2024-2025,Broad Acute Respiratory,12.80
2025,2024-2025,COVID-19,0.44
2025,2025-2026,RSV,0.24
2026,2025-2026,ILI,1.50
2026,2025-2026,RSV,0.45
2025,2025-2026,Broad Acute Respiratory,10.55
2024,2024-2025,Broad Acute Respiratory,20.49
2024,2024-2025,Broad Acute Respiratory,14.36
2025,2025-2026,COVID-19,0.55
2025,2024-2025,Broad Acute Respiratory,10.30
2024,2024-2025,COVID-19,0.42
2025,2025-2026,Broad Acute Respiratory,16.74
2025,2024-2025,Broad Acute Respiratory,17.03
2025,2024-2025,RSV,0.15
2025,2024-2025,Broad Acute Respiratory,13.10
2025,2024-2025,ILI,1.44
2025,2025-2026,ILI,1.35
2025,2024-2025,ILI,1.11
2024,2024-2025,RSV,0.72
2024,2024-2025,Influenza,0.42
2025,2025-2026,ILI,0.90
2024,2023-2024,RSV,0.04
2026,2025-2026,Influenza,0.50
2025,2025-2026,ILI,1.91
2025,2025-2026,ILI,2.09
2025,2025-2026,ILI,1.06
2025,2024-2025,Influenza,0.26
2026,2025-2026,ILI,1.38
2025,2024-2025,Broad Acute Respiratory,15.58
2025,2024-2025,RSV,0.03
2024,2023-2024,Broad Acute Respiratory,7.65
2025,2024-2025,Broad Acute Respiratory,10.78
2024,2023-2024,Influenza,0.09
2026,2025-2026,COVID-19,0.24
2026,2025-2026,COVID-19,0.80
2025,2024-2025,Broad Acute Respiratory,13.38
2026,2025-2026,Influenza,1.78
2025,2025-2026,Broad Acute Respiratory,11.45
2026,2025-2026,ILI,0.91
2025,2024-2025,Broad Acute Respiratory,15.62
2024,2024-2025,Broad Acute Respiratory,12.83
2025,2024-2025,RSV,0.21
2025,2024-2025,RSV,0.00
2025,2024-2025,COVID-19,0.73
2025,2024-2025,COVID-19,0.42
2026,2025-2026,Influenza,0.71
2025,2024-2025,Broad Acute Respiratory,13.99
2024,2023-2024,ILI,0.74
2025,2024-2025,RSV,0.00
2024,2024-2025,ILI,0.35
2025,2024-2025,Broad Acute Respiratory,8.17
2026,2025-2026,ILI,0.54
2024,2024-2025,ILI,0.40
2024,2023-2024,RSV,0.00
2025,2024-2025,COVID-19,0.36
2025,2024-2025,ILI,0.54
2025,2025-2026,Broad Acute Respiratory,10.12
2026,2025-2026,Influenza,1.48
2024,2023-2024,Influenza,0.07
2025,2024-2025,Influenza,4.65
2025,2024-2025,COVID-19,1.52
2025,2024-2025,COVID-19,1.13
2025,2024-2025,Influenza,0.05
2025,2024-2025,Influenza,5.73
2025,2024-2025,COVID-19,0.99
2025,2024-2025,ILI,2.22
2025,2025-2026,COVID-19,0.24
2024,2023-2024,RSV,0.04
2025,2024-2025,RSV,0.24
2025,2024-2025,COVID-19,1.22
2025,2024-2025,ILI,0.61
2025,2024-2025,ILI,0.47
2024,2023-2024,Influenza,0.09
2024,2023-2024,Broad Acute Respiratory,12.04
2024,2024-2025,COVID-19,0.44
2025,2025-2026,Influenza,0.57
2026,2025-2026,Influenza,0.54
2025,2024-2025,COVID-19,0.86
2025,2024-2025,Broad Acute Respiratory,19.34
2025,2024-2025,COVID-19,1.03
2025,2024-2025,COVID-19,0.66
2026,2025-2026,RSV,0.51
2025,2025-2026,COVID-19,0.59
2024,2023-2024,COVID-19,1.76
2024,2023-2024,COVID-19,1.13
2025,2024-2025,Influenza,0.05
2025,2025-2026,Broad Acute Respiratory,14.64
2024,2023-2024,RSV,0.00
2025,2024-2025,Influenza,1.16
2026,2025-2026,ILI,2.01
2024,2023-2024,Influenza,0.00
2026,2025-2026,ILI,0.55
2024,2023-2024,ILI,0.28
2025,2024-2025,Influenza,2.55
2025,2024-2025,Broad Acute Respiratory,13.84
2025,2025-2026,Influenza,0.09
2025,2024-2025,COVID-19,0.62
2025,2025-2026,RSV,0.29
2025,2024-2025,RSV,0.37
2024,2023-2024,ILI,0.44
2025,2024-2025,RSV,0.00
2025,2024-2025,RSV,0.57
2025,2025-2026,ILI,0.40
2024,2024-2025,Broad Acute Respiratory,13.71
2024,2023-2024,Broad Acute Respiratory,12.54
2026,2025-2026,COVID-19,0.32
2024,2024-2025,Influenza,0.10
2025,2025-2026,ILI,0.97
2024,2023-2024,COVID-19,1.58
2025,2024-2025,ILI,0.31
2026,2025-2026,RSV,0.81
2025,2025-2026,Influenza,2.05
2024,2023-2024,Broad Acute Respiratory,12.00
2024,2024-2025,RSV,0.25
2024,2023-2024,ILI,0.37
2025,2025-2026,RSV,0.03
2025,2024-2025,Influenza,0.93
2025,2024-2025,RSV,0.02
